,id,hip,ra_leao,dec_leao,m/r,e_m/r,gr,c,gr+c,drv_m02,drv_m02_gr,drv_m02_gr+c,drv_g17,drv_g17_gr,drv_g17_gr+c,sptype,vmag,(b-v),e_(b-v),rv_p98,erv_p98,rv_m02,erv_m02,rv_g17,erv_g17,rv_harps,erv_harps,fwhm,s/n,flag,|r-rc|,e|r-rc|,v_alpha,ev_alpha,v_delta,ev_delta,cr,rv_harps_gr+c,rv_g17_cr,drv_g17_gr+c+cr,solution_id,designation,source_id,random_index,ref_epoch,ra,ra_error,dec,dec_error,parallax,parallax_error,parallax_over_error,pmra,pmra_error,pmdec,pmdec_error,ra_dec_corr,ra_parallax_corr,ra_pmra_corr,ra_pmdec_corr,dec_parallax_corr,dec_pmra_corr,dec_pmdec_corr,parallax_pmra_corr,parallax_pmdec_corr,pmra_pmdec_corr,astrometric_n_obs_al,astrometric_n_obs_ac,astrometric_n_good_obs_al,astrometric_n_bad_obs_al,astrometric_gof_al,astrometric_chi2_al,astrometric_excess_noise,astrometric_excess_noise_sig,astrometric_params_solved,astrometric_primary_flag,astrometric_weight_al,astrometric_pseudo_colour,astrometric_pseudo_colour_error,mean_varpi_factor_al,astrometric_matched_observations,visibility_periods_used,astrometric_sigma5d_max,frame_rotator_object_type,matched_observations,duplicated_source,phot_g_n_obs,phot_g_mean_flux,phot_g_mean_flux_error,phot_g_mean_flux_over_error,phot_g_mean_mag,phot_bp_n_obs,phot_bp_mean_flux,phot_bp_mean_flux_error,phot_bp_mean_flux_over_error,phot_bp_mean_mag,phot_rp_n_obs,phot_rp_mean_flux,phot_rp_mean_flux_error,phot_rp_mean_flux_over_error,phot_rp_mean_mag,phot_bp_rp_excess_factor,phot_proc_mode,bp_rp,bp_g,g_rp,radial_velocity,radial_velocity_error,rv_nb_transits,rv_template_teff,rv_template_logg,rv_template_fe_h,phot_variable_flag,l,b,ecl_lon,ecl_lat,priam_flags,teff_val,teff_percentile_lower,teff_percentile_upper,a_g_val,a_g_percentile_lower,a_g_percentile_upper,e_bp_min_rp_val,e_bp_min_rp_percentile_lower,e_bp_min_rp_percentile_upper,flame_flags,radius_val,radius_percentile_lower,radius_percentile_upper,lum_val,lum_percentile_lower,lum_percentile_upper,datalink_url,epoch_photometry_url,angular_distance,number_of_neighbours
0,2,16529,53.2094,23.692,1.13,0.040999999999999995,716,-340,377,-383,-1100,-760,-255,-972,-632,G5,8.88,0.8440000000000001,0.0,32.72,0.17,32.47,0.59,32.34,0.14,32.0867,0.0007,7.5,116,0,12.08,0.36,32.317,0.354,-7.852,0.086,-216,31.7098,32.13,-416,1635721458409799680,Gaia DR2 68001499939741440,68001499939741440,483306421,2015.5,53.20942466620557,0.055545975750895135,23.692017150753504,0.03236651521043561,23.770365771119337,0.055155504988437416,430.96997000000005,162.1866430005063,0.12468681600838995,-39.491038322029155,0.07230017151428403,-0.14394528,-0.039457735,-0.52959013,0.2572764,0.13482679999999997,0.27027193,-0.12812157,0.4522201,-0.04432326,-0.14554887,149,149,146,3,5.432002,252.32,0.0,0.0,31,True,208.2279,1.5696822887751962,0.012334023624569404,-0.106743276,17,9,0.07792627,0,21,False,174,6630202.040729421,3081.1380600795715,2151.868,8.634549,20,3207120.830141596,6156.196708177265,520.9581,9.0861,20,4766867.069020446,11257.715125031677,423.43112,8.066338,1.2026763999999999,0,1.019762,0.45155048,0.56821156,31.68961954991343,0.13477878994314946,6,5250.0,4.5,0.25,NOT_AVAILABLE,164.1912877466095,-25.968387465136647,56.62972634483172,4.41379441659591,100001,5185.5527,5129.14,5250.0,0.092,0.0083,0.1841,0.046,0.0039,0.1195,200111,0.87077284,0.8495254000000001,0.8900325000000001,0.49395192,0.49239776,0.49550608,http://geadata.esac.esa.int/data-server/datalink/links?ID=68001499939741440,,0.0014129220176716535,1
1,4,18327,58.7777,16.9984,1.135,0.046,720,-318,402,391,-329,-11,523,-197,121,K2,8.99,0.895,0.001,36.79,0.13,36.03,0.59,35.9,0.15,36.4212,0.001,8.5,97,0,8.51,0.43,28.400,0.266,-4.712,0.046,-287,36.0192,35.61,408,1635721458409799680,Gaia DR2 43538293935879680,43538293935879680,651465982,2015.5,58.77775368324535,0.04093174843684727,16.998372278667446,0.021224833672980784,24.39947452079605,0.04164814124478661,585.84784,147.8183484290635,0.10364492593579867,-24.483923591741988,0.05205078012901945,-0.156372,0.05422314599999999,0.073656216,-0.22415225,0.20354883,-0.22753136,0.5674501000000001,-0.013103576,0.046379912999999995,-0.17320372,282,282,273,9,10.188324,578.73096,0.0,0.0,31,True,282.6459,1.5470327846864524,0.006104684872661702,-0.17853731,32,11,0.06606852,0,36,True,312,6045376.522912375,4078.565961106053,1482.231,8.734807,32,2856064.3078265367,6835.483373365893,417.82916,9.211967999999999,34,4443682.989685498,7798.564636804213,569.8078,8.142562,1.2074926000000001,0,1.0694065000000001,0.47716140000000007,0.5922451,36.403457012770865,0.1750346509308346,11,5000.0,4.5,0.25,NOT_AVAILABLE,173.56853360210965,-27.309512742614807,60.22977476070631,-3.2723720393402367,100001,5087.0,5060.657,5146.95,0.158,0.142,0.1915,0.078,0.0736,0.13,200111,0.8491781999999999,0.82951146,0.8580419,0.43505016,0.4339379,0.4361624,http://geadata.esac.esa.int/data-server/datalink/links?ID=43538293935879680,,0.005623565993642086,1
2,5,19098,61.415,17.9378,1.135,0.077,719,-327,392,-341,-1061,-733,-214,-934,-606,K2,9.31,0.89,0.008,37.61,0.05,37.16,0.59,37.03,0.16,36.819,0.0007,8.3,98,0,--,--,--,--,--,--,34,36.4267,37.07,-640,1635721458409799680,Gaia DR2 47019347749289216,47019347749289216,1003645212,2015.5,61.41589317155971,0.04257223768143361,17.937593851595217,0.017411382775229026,21.830825405399885,0.04094078409394554,533.2293,128.30136963813922,0.09951507344934156,-27.37494454449491,0.04274050753553366,0.033791386,0.18605985,-0.43007064,-0.08246381,0.06195043,0.029135552999999998,0.42797822,0.12535997,-0.17526294,0.094223164,283,283,279,4,7.9741325,505.26657,0.0,0.0,31,True,248.34918,1.556106666535512,0.006923778576363916,-0.09763423,33,10,0.06504537,0,37,False,292,4605395.59407934,1293.406482995916,3560.6714,9.030198,35,2193587.2072064304,3055.0103508140583,718.02936,9.498501,35,3367174.4136018725,4842.037103318728,695.4045,8.443756,1.2074448999999998,0,1.0547447,0.46830273,0.586442,36.57164218928388,0.21398315015646288,8,5250.0,4.5,0.0,NOT_AVAILABLE,174.73060888869819,-24.834586853519248,62.88639669071805,-2.8515832763448263,100001,4966.0,4632.6665,5144.8667,0.1203,0.0329,0.2658,0.061,0.015,0.1106,200111,0.8802677,0.8201248,1.0115005,0.42457175,0.42340955,0.42573395,http://geadata.esac.esa.int/data-server/datalink/links?ID=47019347749289216,,0.001609862572893224,1
3,6,19148,61.5677,15.698,1.061,0.07,672,-563,109,142,-530,33,269,-404,160,G0,7.85,0.593,0.005,38.04,0.17,37.44,0.59,37.31,0.16,37.5821,0.0009,10.7,131,0,4.28,0.36,26.418,0.293,-4.357,0.050,-87,37.473,37.23,247,1635721458409799680,Gaia DR2 45367056650753280,45367056650753280,1199753860,2015.5,61.5677309153752,0.04103118472032551,15.698035581492244,0.021197993778088533,21.025661670179826,0.04313199689504799,487.47247000000004,118.91204778598131,0.09247634160674137,-19.77565054311868,0.05077718841213047,0.12676322,0.17695273,-0.2909224,0.05195948,0.04412809400000001,0.091509014,0.3519173,0.21746145,-0.08821896,0.12775454,284,284,282,2,8.7118845,535.7775,0.0,1.6970075024191037e-15,31,True,75.05649,1.6213875378563032,0.008170870441129954,-0.07870824,32,11,0.059068895999999996,0,37,False,302,15776763.3273984,9955.201437760257,1584.7759,7.6933207999999995,34,8600717.65010071,17235.92920665627,498.99935999999997,8.015052,33,10083393.174354883,16666.77812508884,604.9996,7.2529035,1.1842803999999998,0,0.7621484000000001,0.3217311,0.44041729999999996,37.545404434311145,0.1514717702500898,18,6000.0,4.5,0.0,NOT_AVAILABLE,176.67632493907485,-26.23266889409725,62.60214445008968,-5.077867125113639,100001,5964.6665,5873.6665,5996.0,0.1045,0.0282,0.2776,0.046,0.013000000000000001,0.1337,200111,1.1064343,1.0949007,1.1409837,1.396017,1.3918273,1.4002066,http://geadata.esac.esa.int/data-server/datalink/links?ID=45367056650753280,,0.0033323133220298745,1
4,9,19796,63.6436,10.7014,1.028,0.052000000000000005,651,-573,79,-368,-1020,-447,-236,-888,-315,F8V,7.11,0.514,0.008,38.5,0.15,38.65,0.6,38.52,0.16,38.2816,0.0042,22.6,130,0,5.90,0.44,25.552,0.275,-1.179,0.016,-152,38.2029,38.37,-163,1635721458409799680,Gaia DR2 3300934223858467072,3300934223858467072,1271241086,2015.5,63.64361119965413,0.038592071121845296,10.701362795357467,0.031840284255138136,22.293155692727726,0.044350882737103726,502.65417,119.70806326476222,0.08717821139885999,-5.774620258184483,0.08286323679557643,0.02735781,0.31387025,-0.15938088,0.13412376,-0.30822438,0.09944219,-0.15310873,0.00877054,0.020043323000000002,0.36760570000000004,161,161,154,7,6.185768599999999,282.30136,0.0,0.0,31,True,144.0179,1.5913447103551397,0.010815618625070016,0.026618209,18,10,0.061867528,0,26,False,219,30839702.60833128,9296.98018654108,3317.1740000000004,6.9655905,24,17364927.67940835,33607.217493271535,516.70233,7.252206,23,18735966.423804235,56730.60082428809,330.2621,6.5802298,1.170598,0,0.6719761,0.28661537,0.38536072,38.66526280792333,0.2951113751359772,14,6250.0,4.5,0.25,NOT_AVAILABLE,182.42611033102744,-27.919582749581057,63.674889428415106,-10.361721148528481,100001,6292.5,6236.75,6309.6665,0.11900000000000001,0.0152,0.2381,0.066,0.0152,0.1616,200111,1.3049955,1.2979043,1.3284303999999998,2.4055016,2.3986718999999996,2.4123313,http://geadata.esac.esa.int/data-server/datalink/links?ID=3300934223858467072,,0.00652029821994601,1
5,10,20146,64.7839,17.5246,1.1059999999999999,0.048,701,-451,250,-574,-1275,-823,-447,-1147,-696,G8V,8.47,0.721,0.016,38.8,0.08,38.66,0.6,38.53,0.16,38.0862,0.001,9.3,124,0,1.74,0.20,25.318,0.313,-6.221,0.078,-77,37.8365,38.46,-619,1635721458409799680,Gaia DR2 47345009348203392,47345009348203392,1405039052,2015.5,64.78387715273041,0.06132656063354755,17.52463436883315,0.0317004734757672,21.29438504487037,0.05874302503266915,362.50064,113.00135140371245,0.1257398293251655,-28.05326382474864,0.08698657936681757,-0.11932755,0.37962052,-0.40614647,0.077428535,0.011216773000000001,0.10557112,-0.3572383,0.08692868,-0.041359276,0.038520847000000004,156,156,152,4,5.4228544,259.98913999999996,0.0,0.0,31,True,120.654366,1.5747179622845953,0.010248424873499905,-0.06840965,18,9,0.07522739,0,24,False,192,9275391.202370685,4241.0792780766715,2187.0356,8.270035,24,4799690.090743827,10579.042743753203,453.69797,8.6483555,23,6305002.168796694,8401.431198855915,750.46765,7.7627068,1.1972208999999998,0,0.8856487,0.3783207,0.50732803,37.84735335840655,0.2908666628530297,12,5750.0,4.5,0.25,NOT_AVAILABLE,177.39644096431633,-22.710718885380572,65.9726541236255,-3.8360012416999667,100001,5571.5,5501.3335,5612.3335,0.0595,0.017,0.2173,0.0403,0.0096,0.1073,200111,0.9721119,0.95801777,0.9970674999999999,0.8203813,0.8173669,0.82339567,http://geadata.esac.esa.int/data-server/datalink/links?ID=47345009348203392,,0.006337042194606087,1
6,11,20205,64.9481,15.6277,0.248,0.015,155,-566,-412,-362,-516,50,-241,-396,170,G8III,3.65,0.981,0.012,39.28,0.11,38.91,0.6,38.79,0.16,38.5485,0.0007,8.5,116,0,--,--,--,--,--,--,-78,38.9601,38.71,248,1635721458409799680,Gaia DR2 3312052249216467328,3312052249216467328,385366724,2015.5,64.94886907387871,0.3818244013756785,15.627541217671025,0.3167559473437725,22.62342033471569,0.4613999858690468,49.032123999999996,113.15797064318966,0.9670687389884534,-25.269866738759504,0.7590906557870265,-0.008495701500000001,-0.22957600000000003,-0.26558608,0.19606006,-0.08223589999999999,0.16898814,-0.18888581,0.40127444,0.09172092,-0.13961545,218,218,189,29,158.98978,51094.42,1.987861260358722,1398.03154701069,31,False,0.23299363,2.085942502698982,0.10807123274030142,-0.08962983,27,10,0.49092722,0,33,False,203,910651327.8135108,730040.6434367555,1247.3981,3.2899854,29,337752529.4066392,8091604.291990552,41.741108000000004,4.0298915,28,604866362.0280488,3371871.4489407083,179.38596,2.8077714,1.035104,0,1.22212,0.7399061,0.48221397,,,0,,,,NOT_AVAILABLE,179.08423223735062,-23.815173243259434,65.80626080629592,-5.732438605041586,101001,4707.25,4425.0,5481.49,,,,,,,200111,13.763117000000001,10.149719000000001,15.574882,83.79099000000001,81.88211,85.699875,http://geadata.esac.esa.int/data-server/datalink/links?ID=3312052249216467328,,0.07927881128064078,1
7,12,20480,65.8435,21.3789,1.115,0.05,707,-389,318,171,-535,-146,289,-418,-29,G9V,8.84,0.758,0.003,39.24,0.24,38.56,0.6,38.44,0.16,38.7314,0.0009,8.2,105,0,4.77,0.56,23.418,0.293,-8.940,0.113,9,38.4138,38.45,-37,1635721458409799680,Gaia DR2 145325548516513280,145325548516513280,198453026,2015.5,65.84350110378152,0.0441630116884538,21.37893467308491,0.02392467921539575,19.881260716176914,0.04619764830567075,430.35222999999996,99.53931451913172,0.12421733856295394,-37.97762405839497,0.07487594476236276,0.021309497,0.11152111,-0.44357532,0.13535802,-0.014399219,0.17059438,-0.6022004,-0.14310554,0.26439878,-0.27029000000000003,267,267,262,5,8.593895,504.17578,0.0,0.0,31,True,227.34874,1.594037601422997,0.007366973540010138,-0.06401567,30,10,0.07936792,0,36,True,294,6602456.153051552,3122.449799859492,2114.5115,8.639102000000001,33,3360838.562055225,4914.273107576432,683.8933,9.035269,35,4551729.550956267,5324.838328793197,854.81085,8.116479,1.1984278999999998,1,0.91878986,0.3961668,0.52262306,38.65632569060954,0.2494420702048219,9,5500.0,4.5,0.0,NOT_AVAILABLE,174.97234562040427,-19.433691787695924,67.5998160987029,-0.2014563900001355,100002,5500.0,5370.3,5570.0,0.079,0.0143,0.1861,0.0433,0.0054,0.0921,200111,0.90454274,0.8819502,0.94876224,0.67453367,0.67231125,0.6767561,http://geadata.esac.esa.int/data-server/datalink/links?ID=145325548516513280,,0.0040472039899298465,1
8,13,20492,65.8852,14.6704,1.1320000000000001,0.064,717,-340,378,128,-590,-250,252,-465,-126,K1V,9.11,0.855,0.018000000000000002,40.29,0.06,39.38,0.6,39.26,0.16,39.5077,0.001,8.4,100,0,2.11,0.40,24.018,0.274,-3.949,0.051,-109,39.1299,39.15,-16,1635721458409799680,Gaia DR2 3311148828615843328,3311148828615843328,958135451,2015.5,65.88520823022283,0.0560079266576767,14.670400927721095,0.028778488572197707,21.465177264931558,0.0628803606173286,341.36536,109.35191271212835,0.1830430160693741,-17.980701291779575,0.0810548651269315,0.018089356,-0.17779468,-0.4216979,0.1969615,0.10679635400000001,0.18961255,-0.22832863,0.18868203,0.102046035,-0.31052905,149,149,147,2,3.2288732999999996,202.81361,0.0,0.0,31,True,269.71942,1.5634716321514586,0.009450857021251893,-0.057593856,17,8,0.10697504,0,18,True,157,5300912.843305657,3301.9551885856554,1605.3861,8.877489,17,2565825.2551547782,6057.285491146325,423.59326,9.3283205,17,3827542.0786735713,7620.8965712107065,502.24300000000005,8.30462,1.2060879999999998,0,1.0237007,0.45083140000000005,0.5728693,39.31727655729007,0.2609604600760948,6,5250.0,4.5,0.0,NOT_AVAILABLE,180.51934266507425,-23.725560761217537,66.54252661447323,-6.826680126571932,100001,5200.0,5134.7970000000005,5346.6665,0.07400000000000001,0.004,0.183,0.0373,0.0049,0.0901,200111,0.8564171,0.8100761,0.8783053,0.48314643,0.48127929999999997,0.48501354,http://geadata.esac.esa.int/data-server/datalink/links?ID=3311148828615843328,,0.0021736102395643873,1
9,14,20557,66.0613,21.7361,1.03,0.040999999999999995,652,-602,51,-316,-969,-367,-196,-849,-247,F8V,7.13,0.518,0.013999999999999999,38.94,0.13,38.59,0.6,38.47,0.16,38.2739,0.0038,17.2,102,0,5.41,0.49,23.819,0.328,-9.294,0.128,-230,38.2231,38.24,-17,1635721458409799680,Gaia DR2 145373377272257664,145373377272257664,959042316,2015.5,66.06126789417975,0.04140174055806597,21.73604857831852,0.0246091524425044,23.107320168301555,0.038553182803409636,599.3622,117.53097609898693,0.09884297063837784,-45.805935458962814,0.07477802561020754,0.49674878,0.058808584000000004,-0.5502415,-0.32209063,-0.060176577,-0.35288128,-0.6546535,0.12775701,0.16941853,0.4296862,303,303,301,2,12.55307,717.32336,0.0,0.0,31,True,141.88263999999998,1.6369629391576783,0.005717678122878511,0.086697325,34,11,0.07239836,0,44,True,342,30153500.05321177,6762.468731268938,4458.9487,6.9900210000000005,38,17003845.68994207,18798.792554589018,904.5179400000001,7.27502,39,18486475.253434155,29702.282106872957,622.3924,6.594784700000001,1.1769885,0,0.6802354,0.2849989,0.3952365,38.33665475162847,0.15721348105296762,20,6250.0,4.5,0.25,NOT_AVAILABLE,174.82822198949123,-19.046349407293047,67.85755709417303,0.1181056401200612,100001,6225.3335,6072.4,6312.25,0.08199999999999999,0.0219,0.2747,0.0483,0.013000000000000001,0.154,200111,1.2727097,1.2379018,1.3376233999999998,2.191815,2.186387,2.1972427000000003,http://geadata.esac.esa.int/data-server/datalink/links?ID=145373377272257664,,0.0040093182777296505,1
10,16,20826,66.9424,11.7364,1.047,0.039,663,-615,48,-296,-960,-345,-171,-834,-219,F8,7.49,0.56,0.006999999999999999,40.22,0.21,39.99,0.6,39.86,0.17,39.6935,0.002,13.6,127,0,4.34,0.30,24.105,0.274,-2.733,0.032,-116,39.6453,39.75,-103,1635721458409799680,Gaia DR2 3306922958753764992,3306922958753764992,401500177,2015.5,66.94246144055768,0.03247006221756968,11.736365486106086,0.02172762339921226,22.02257903124011,0.03795442488470365,580.2375,110.08489187945959,0.07172077138827515,-12.426956535282883,0.04802921799520349,0.091083296,0.28530502,-0.16210091,0.21361867,-0.16553822,0.14280783,-0.19861642,0.09955705,0.24229635,0.065201476,246,246,244,2,8.595455000000001,479.42084000000006,0.0,0.0,31,True,116.71914,1.6195028315664015,0.007248415906097054,0.047617245,28,10,0.046998445,0,32,False,254,21514346.61212276,14295.662817770215,1504.9562,7.3565454,29,11880718.860519866,19963.19317736588,595.1311599999999,7.6642814,29,13457728.721336085,25170.245012338808,534.66815,6.939491,1.1777465,0,0.7247906,0.30773592,0.41705465,39.09251992909814,0.17535670437220294,13,6250.0,4.0,0.25,NOT_AVAILABLE,183.74468608803056,-24.734421804604025,67.09219927130529,-9.888065372703958,100001,6096.775,6041.8,6122.5,0.0765,0.008,0.26899999999999996,0.013000000000000001,0.0033,0.139,200111,1.1779414,1.1680635,1.1994755,1.7272006000000002,1.722633,1.7317683000000001,http://geadata.esac.esa.int/data-server/datalink/links?ID=3306922958753764992,,0.001911919311216137,1
11,17,20850,67.0189,13.8679,1.13,0.055999999999999994,716,-345,371,404,-312,33,523,-193,152,K0V,9.02,0.8390000000000001,0.006999999999999999,40.94,0.08,39.89,0.6,39.77,0.16,40.2936,0.0009,8.0,98,0,2.86,0.23,23.240,0.265,-4.312,0.052,-56,39.9226,39.71,208,1635721458409799680,Gaia DR2 3307844864893938304,3307844864893938304,23357054,2015.5,67.01892650705639,0.06126748600708376,13.867856798752587,0.025878470606580155,20.761288527507038,0.06538954825547594,317.50165,102.17749011093399,0.18208800320127894,-19.14216352668257,0.07837074958308278,-0.014699055,-0.23258014,-0.2260006,0.46262622,0.0018197572,0.6326258000000001,-0.54317945,-0.10591123,0.20240559,-0.40809485,390,390,387,3,9.012608,688.20105,0.0,2.893253841644353e-15,31,True,227.78232000000003,1.5729719637378652,0.0064239485367721715,0.053717572000000005,44,10,0.10597245,0,50,True,400,5531521.814194725,1331.0066381659194,4155.8936,8.831254,44,2720793.1648256243,2511.709683751007,1083.2435,9.264649,41,3970428.2963286135,3645.0862899216413,1089.255,8.264827,1.2096528999999998,0,0.9998226,0.43339540000000004,0.56642723,40.37882902777672,0.1841936667557844,10,5250.0,4.5,0.25,NOT_AVAILABLE,181.9513725708101,-23.3679479802745,67.50633051242495,-7.7948904525466975,100001,5245.665,5187.6665,5289.22,0.1447,0.0797,0.26,0.0693,0.0363,0.1175,200111,0.8856388000000001,0.8711129000000001,0.9055525,0.53506947,0.5328895,0.53724945,http://geadata.esac.esa.int/data-server/datalink/links?ID=3307844864893938304,,0.0053581908386317175,2
12,18,20889,67.1539,19.1805,0.22,0.013000000000000001,137,-562,-425,-955,-1092,-530,-838,-975,-413,K0III,3.53,1.014,0.006,39.37,0.06,39.39,0.6,39.27,0.16,38.4354,0.0004,9.0,199,0,--,--,--,--,--,--,-68,38.8603,39.21,-345,1635721458409799680,Gaia DR2 48026706557926528,48026706557926528,887111430,2015.5,67.15465729101625,0.3701352899470439,19.18027817758484,0.2481464204699017,20.31296105209305,0.4260689938844761,47.675284999999995,107.50303801276002,1.036090869482359,-38.06607555645553,0.7003509117798671,0.0729795,-0.043500199999999996,-0.43941474,0.06854279,-0.06503436,0.07098201,-0.40971857,-0.023633359,0.12938516,-0.05223322,247,247,229,18,169.13928,56717.473,1.6930426270596544,1266.6517239172842,31,True,0.31843716,1.650932640485375,0.08173935391468493,-0.025942495,28,9,0.5168094,0,34,True,262,1027679993.990998,2776880.5665479517,370.08432,3.158721,30,372479960.76731336,5190085.027402408,71.7676,3.923631,32,672858945.9932821,4204410.4794053305,160.03645,2.6921098,1.0171833000000001,0,1.2315211000000001,0.7649100000000001,0.46661115,,,0,,,,NOT_AVAILABLE,177.5968151550846,-19.92339634701305,68.46549089182723,-2.5673766265756814,101001,4670.75,4323.3335,5514.5,,,,,,,200111,16.636415,11.934953,19.417599,118.67539,115.87592,121.47486,http://geadata.esac.esa.int/data-server/datalink/links?ID=48026706557926528,,0.04935549382036112,1
13,19,20949,67.3786,26.6713,1.117,0.051,708,-392,315,577,-131,262,689,-18,374,G5,9.19,0.7659999999999999,0.002,39.02,0.17,38.12,0.59,38.01,0.15,38.6972,0.0011,7.5,76,0,13.27,1.46,22.297,0.514,-13.055,0.301,252,38.3817,38.26,122,1635721458409799680,Gaia DR2 151379150300399360,151379150300399360,1468966676,2015.5,67.37858983968829,0.06774548908382368,26.67133983134532,0.038677397805690183,17.156238086981364,0.06305972865549253,272.0633,82.80699121965715,0.17288661437406516,-48.284710065250216,0.08992965968446412,-0.13026206,-0.08213362,-0.6052360999999999,0.20608309,0.020217273,0.24097973,-0.7334733,0.21895170000000003,0.02514902,-0.22319789999999998,152,152,150,2,6.0174875,272.49332000000004,0.0,0.0,31,True,260.49335,1.5718924901700018,0.01037478561562285,-0.10268143,17,8,0.103830755,0,19,False,167,4796174.632999866,3312.4130311596227,1447.9398,8.986127999999999,19,2424359.5787028507,5457.466985405043,444.228,9.389895,19,3318261.238895171,6100.081593781573,543.97,8.459643,1.1973336,0,0.9302521,0.4037676,0.5264845,39.00203457298365,0.3732240105927401,3,5500.0,4.5,0.0,NOT_AVAILABLE,171.77763131065518,-14.88814286586148,69.82284927406896,4.80278419907987,100001,5500.0,5425.0,5587.5,0.019,0.0065,0.1524,0.0123,0.0029,0.0838,200111,0.8933994000000001,0.8656372999999999,0.9182725,0.65801656,0.6548369,0.66119623,http://geadata.esac.esa.int/data-server/datalink/links?ID=151379150300399360,,0.005082073860121518,1
14,20,20978,67.491,16.6727,1.133,0.038,718,-313,406,461,-257,55,584,-134,179,K1V,9.08,0.865,0.013000000000000001,40.97,0.06,39.83,0.6,39.71,0.16,40.2908,0.0017,8.6,59,0,2.13,0.59,22.631,0.258,-5.991,0.070,-170,39.8852,39.54,349,1635721458409799680,Gaia DR2 3312951748510907648,3312951748510907648,961496940,2015.5,67.49101308172906,0.03883030059492299,16.67271860422926,0.019284179296415675,21.896531535889192,0.03914793128962722,559.32794,106.62469854058935,0.0814898578720273,-28.406645791634606,0.0515873187376468,0.071882784,0.13619639,-0.20388341,0.42095882,-0.15063404,0.32042786,-0.22981656,0.052921332,0.21150565,-0.004182773,281,281,279,2,6.3008447,448.62244000000004,0.0,0.0,31,True,262.7027,1.552919185677134,0.006691329177870233,0.028774567,32,12,0.05316686599999999,0,32,False,279,5419455.978253495,3032.61447436347,1787.0574,8.853477,30,2613842.2531021526,3937.428359269573,663.84503,9.308189,30,3919292.68404267,4651.61033911072,842.5668300000001,8.278901,1.2054964,0,1.0292883,0.45471287,0.5745754,40.138868584835336,0.2267734343207465,6,5250.0,4.5,0.0,NOT_AVAILABLE,179.88605876288213,-21.26443073879443,68.39608469532544,-5.094322510212106,100001,5164.0,5051.532999999999,5311.933000000001,0.11900000000000001,0.008,0.3051,0.0467,0.0049,0.1417,200111,0.8633526,0.81593484,0.9022237,0.4775469,0.47626257,0.47883123,http://geadata.esac.esa.int/data-server/datalink/links?ID=3312951748510907648,,0.004893378567618373,1
15,21,21099,67.8159,20.133,1.109,0.064,703,-413,290,321,-382,30,442,-261,151,G8V,8.59,0.7340000000000001,0.013999999999999999,40.62,0.08,39.51,0.6,39.39,0.16,39.8309,0.0009,8.4,109,0,2.70,0.19,23.244,0.252,-8.575,0.094,-120,39.5405,39.27,271,1635721458409799680,Gaia DR2 144171233106399104,144171233106399104,1088011323,2015.5,67.81588084563514,0.042132404662939486,20.133000031640577,0.02325051394035214,21.618673249330648,0.046591134522409976,464.0083,106.43590778931616,0.10224408387049412,-39.32449986799255,0.0636146524253317,0.39870238,-0.062434357,-0.33962020000000004,-0.046908073,0.0037110636,-0.0076549619999999995,-0.47035920000000003,0.2304011,0.16708687,0.11952077,364,364,357,7,9.664541999999999,674.7092,0.0,0.0,31,True,158.90878,1.607709957319135,0.007288931587347022,0.052629612,41,13,0.06419527,0,43,False,365,8275579.438810685,3146.524064767593,2630.0703,8.393869,41,4230399.435378615,4819.627189428819,877.74414,8.785435000000001,36,5685922.564543396,5527.3954180974715,1028.6803,7.8749175000000005,1.1982632,1,0.9105171999999999,0.39156532,0.5189519,39.764792096211174,0.1517025372835276,21,5500.0,4.5,0.0,NOT_AVAILABLE,177.24162221321916,-18.835672035753745,69.22665651010851,-1.7207016108491788,100002,5480.8,5312.5,5625.0,0.109,0.0423,0.2211,0.0513,0.0172,0.0988,200111,0.9387689,0.8912540999999999,0.99919146,0.7164533000000001,0.7142745,0.7186321,http://geadata.esac.esa.int/data-server/datalink/links?ID=144171233106399104,,0.0013131659882638267,1
16,22,21741,70.0247,23.3044,1.125,0.059000000000000004,713,-391,322,486,-227,164,599,-115,277,K0V,9.4,0.8109999999999999,0.0,41.34,0.16,39.75,0.6,39.64,0.16,40.2362,0.0013,8.9,84,0,13.91,1.04,21.206,0.286,-10.789,0.146,345,39.9141,39.98,-69,1635721458409799680,Gaia DR2 146698078328904064,146698078328904064,721813811,2015.5,70.0247019702704,0.04548830833698688,23.30438037084056,0.026221308073489616,16.65849001125643,0.046183302356629055,360.70374,75.68363501165591,0.09757207155226992,-38.35505828636309,0.0551196438538584,-0.21614492,0.06554558,-0.4845866,0.28437132,-0.27423328,0.18448672,-0.53719527,0.25512898,0.23899843,-0.16006894,202,202,197,5,6.835972,358.51403999999997,0.0,0.0,31,True,249.75597000000002,1.5812172224580745,0.007847336107246545,-0.07580263,23,11,0.06320221,0,23,False,198,4038494.4428845714,1689.0890307190766,2390.9304,9.172817,17,2013339.089844632,2664.8351770908357,755.5210599999999,9.591596000000001,16,2843844.788194375,2611.2401524221,1089.0782,8.627155,1.2027215,0,0.96444035,0.41877842,0.5456619,39.860459281073105,0.5348817946910167,6,5250.0,4.5,0.25,NOT_AVAILABLE,176.0430594892873,-15.236492238496375,71.71131787994662,1.1244133786818995,100001,5317.0,5284.59,5580.0,0.11800000000000001,0.0375,0.2523,0.057,0.0189,0.1271,200111,0.9132628,0.82920265,0.92449915,0.6005550999999999,0.59820515,0.6029051,http://geadata.esac.esa.int/data-server/datalink/links?ID=146698078328904064,,0.004368272845736767,1
17,24,22422,72.3842,15.8886,1.054,0.053,668,-623,45,-127,-795,-172,-11,-680,-56,F8,7.72,0.578,0.009000000000000001,42.04,0.14,41.65,0.6,41.53,0.17,41.523,0.0015,9.6,96,0,4.63,0.34,19.695,0.227,-5.790,0.068,-58,41.4782,41.48,2,1635721458409799680,Gaia DR2 3405113740864365440,3405113740864365440,149795877,2015.5,72.38424228250187,0.04670640366967178,15.88863312732766,0.029817482360482563,20.58695091831179,0.05544416036331163,371.30962999999997,86.73038996233683,0.08254462040947377,-25.497716218020297,0.052142539838942,-0.19846421,0.39769354,-0.25993863,0.24939533,-0.3305027,0.09557788,-0.76546204,0.19439937,0.41794536,-0.11762197,284,284,281,3,6.321848999999999,451.84015,0.0,0.0,31,True,85.184296,1.6226995857723685,0.007934908747678309,-0.042311892000000004,32,13,0.050042816,0,38,False,290,17471826.247149393,3333.5160941166387,5241.2607,7.58252,33,9609186.717492057,11224.058113243032,856.1241,7.894671400000001,32,11012651.689816687,16106.889128333954,683.7231,7.157190299999999,1.1802909,0,0.7374811,0.31215143,0.42532970000000003,41.36836507560733,0.13918476676301533,20,6000.0,4.5,0.25,NOT_AVAILABLE,183.58433885951982,-18.016647851976863,72.96464283724029,-6.514948169488106,100001,6031.0,5977.1665,6052.0,0.0672,0.026000000000000002,0.1353,0.0347,0.0109,0.132,200111,1.1616855,1.1536375,1.1827053,1.60853,1.6027193000000002,1.6143408000000001,http://geadata.esac.esa.int/data-server/datalink/links?ID=3405113740864365440,,0.0006507973828149934,1
18,25,22566,72.847,15.4334,1.034,0.048,655,-617,38,618,-37,580,736,81,698,F8,7.9,0.527,0.008,42.92,0.19,41.85,0.6,41.73,0.17,42.4678,0.0025,15.2,126,0,15.10,1.31,18.970,0.323,-5.244,0.090,426,42.4295,42.16,272,1635721458409799680,Gaia DR2 3404850790082434176,3404850790082434176,361818481,2015.5,72.84702290565006,0.05897894107316594,15.433386385888966,0.033640705085924434,16.215620711026126,0.057705460396508076,281.00667999999996,65.83888090451414,0.11512195430076433,-18.291102599704907,0.05923223053665608,-0.49912609999999996,0.12877038,-0.52684623,0.52213526,-0.014931528999999999,0.50292563,-0.8110722,0.34137094,0.15289842,-0.46649963,307,307,306,1,10.217471000000002,626.64355,0.0,0.0,31,True,87.354385,1.6246778079704294,0.0075009885729623235,-0.12889414,35,12,0.07505388,0,39,True,305,14835962.944145925,4004.868604430377,3704.482,7.7600765,34,8391819.333314583,6880.176281568111,1219.71,8.041748,34,9110791.226931237,12901.509120215298,706.1803,7.36303,1.1797421000000001,0,0.6787181,0.28167152,0.39704657,42.326365209525754,0.15806196699527714,20,6250.0,4.0,0.25,NOT_AVAILABLE,184.2470011090427,-17.924523057609196,73.35527765085135,-7.020252338909905,100001,6159.4,6041.4336,6221.0,0.079,0.0233,0.26,0.0483,0.013000000000000001,0.1397,200111,1.3004850000000001,1.2748578000000002,1.3517678999999998,2.1931027999999997,2.1827294999999998,2.2034762000000003,http://geadata.esac.esa.int/data-server/datalink/links?ID=3404850790082434176,,0.0022360401300067674,1
19,26,23069,74.4566,14.0021,1.11,0.06,703,-396,308,484,-219,177,595,-109,287,G5,8.89,0.737,0.001,43.68,0.16,42.48,0.6,42.37,0.17,42.9643,0.0009,7.6,100,0,10.45,0.80,18.037,0.251,-4.664,0.068,193,42.6568,42.56,94,1635721458409799680,Gaia DR2 3392446821452424192,3392446821452424192,350336153,2015.5,74.45658286788569,0.03950579479226202,14.002111755957866,0.02857494301390193,18.31365791366266,0.049679167188805835,368.63858,69.82588002807712,0.07558447332030832,-18.01088483374687,0.04717943822330251,-0.17278177,0.30680692,-0.083160385,0.15900828,-0.42611899999999997,0.07830735,-0.607345,0.09145731,0.39497703,-0.18996496,203,203,200,3,4.371586,293.82205,0.0,0.0,31,True,275.10516,1.582116376819564,0.007114479042578351,-0.029651213,24,11,0.046299428,0,25,True,201,6244387.471265415,3460.273415641256,1804.5936,8.699641,22,3199006.6459791237,2980.4620212425,1073.3258,9.08885,24,4251042.986308752,6042.527699741557,703.5206,8.190681,1.1930794,1,0.89816856,0.38920879999999997,0.5089598,42.413626426286655,0.29076803494701936,3,5750.0,4.5,0.25,NOT_AVAILABLE,186.41802454244072,-17.483547837032773,74.7533141888473,-8.618268302560216,100002,5597.25,5521.0,5658.0,0.068,0.017,0.1405,0.033,0.0083,0.0698,200111,0.9178850000000001,0.89828014,0.94341373,0.74502367,0.74221134,0.747836,http://geadata.esac.esa.int/data-server/datalink/links?ID=3392446821452424192,,0.002048689329785882,1
20,27,23498,75.7822,13.7306,1.1159999999999999,0.063,708,-408,299,302,-405,3,417,-291,117,K0,9.0,0.765,0.002,43.51,0.19,42.9,0.6,42.79,0.17,43.2023,0.0012,8.9,93,0,10.26,0.75,16.694,0.253,-4.544,0.070,142,42.9031,42.93,-25,1635721458409799680,Gaia DR2 3391712038447198080,3391712038447198080,654892912,2015.5,75.78220102333891,0.050597183421626106,13.730592449206329,0.03637341335993687,18.599889036612534,0.057776355638597,321.92908,66.20207799994428,0.10445710704989612,-18.016243946872386,0.061188593788101035,-0.08821942,0.15421733,-0.2636705,0.050916594,-0.32560304,0.029772617,-0.6677758,0.011646007,0.30042909999999995,-0.13399316,144,144,140,4,7.418122,296.13135,0.0,0.0,31,True,254.51549,1.605304011113747,0.010963398602057058,0.00036557483999999997,17,9,0.0618742,0,19,False,150,5767021.239959843,2578.2054367967858,2236.8354,8.785986999999999,16,2922114.557712852,2937.207934557395,994.8613,9.187145,16,3986525.645505164,5101.1972513063565,781.4882,8.260433,1.1979563999999998,0,0.92671204,0.40115833,0.5255536999999999,42.37107073057811,0.3406249291260963,6,5500.0,4.5,0.25,NOT_AVAILABLE,187.41496613730976,-16.577216742205056,76.02032134217826,-9.021367952600247,100001,5411.0,5339.0,5506.0,0.0737,0.0113,0.1861,0.0347,0.0039,0.0883,200111,0.93815255,0.90605825,0.9636264000000001,0.67975396,0.6769363,0.6825716,http://geadata.esac.esa.int/data-server/datalink/links?ID=3391712038447198080,,0.0013350723097477284,1
21,28,23750,76.5752,17.8163,1.1079999999999999,0.078,702,-438,264,215,-487,-49,324,-378,60,K0,8.82,0.73,0.015,42.31,0.18,42.67,0.6,42.56,0.17,42.8852,0.0012,9.4,101,0,10.35,0.86,16.268,0.246,-7.864,0.119,143,42.6213,42.7,-83,1635721458409799680,Gaia DR2 3407121831350730112,3407121831350730112,1491100825,2015.5,76.57524651079878,0.04482013661545872,17.81628181311387,0.033599536069557866,18.604121167705408,0.052479494880320415,354.5027,64.45158473981526,0.08023117879356442,-31.283171055065107,0.05561457083287713,-0.2766499,0.31661528,-0.28934237,0.32132059999999996,-0.39129427,0.1467902,-0.5687352,0.23514234,0.31244293,-0.15723753,163,163,161,2,4.635454,252.11957,0.0,0.0,31,True,241.98597999999998,1.6050842332385948,0.01125273389790234,0.0015391979999999999,19,11,0.050254043,0,20,False,168,6719641.57045049,3988.656254914732,1684.6881,8.620001,18,3453592.2280528517,5629.880430509737,613.4397,9.005711,18,4572953.673333403,6644.447948812411,688.2368,8.111428,1.1944902,0,0.89428234,0.38570976,0.5085725999999999,42.589572398094184,0.26534510659117844,3,5500.0,4.5,0.25,NOT_AVAILABLE,184.37642167994525,-13.632451471619019,77.18008875732674,-5.027545713551833,100001,5590.3335,5548.0,5613.6665,0.0513,0.0295,0.1555,0.025,0.0117,0.0861,200111,0.9399098,0.9321127,0.95430833,0.77735245,0.7743403,0.78036463,http://geadata.esac.esa.int/data-server/datalink/links?ID=3407121831350730112,,0.0021800739448969574,1
22,29,24923,80.1062,11.6098,1.1159999999999999,0.063,708,-410,297,406,-301,109,506,-201,209,K0,9.03,0.765,0.028999999999999998,43.7,0.23,44.17,0.6,44.07,0.17,44.5765,0.0011,9.1,107,0,14.92,0.73,13.646,0.218,-3.556,0.059,226,44.2791,44.3,-17,1635721458409799680,Gaia DR2 3387381646261643776,3387381646261643776,118739386,2015.5,80.10615980510194,0.04764260435420498,11.609758910565713,0.03946933879514486,17.79906032070114,0.04862706926467437,366.03192,52.255291267370424,0.09916220164807098,-13.987403658076358,0.07437437841844496,-0.23806189,0.05929932,-0.36974612,0.25974333,-0.26302984,0.23019847,-0.49835056,0.08124389,0.11951359,-0.20110035,124,124,121,3,10.014584,343.7905,0.0,0.0,31,True,183.87718,1.5630637987653861,0.011692978374119124,-0.007497490999999999,14,10,0.064143404,0,19,False,142,5486984.759041677,5534.984962150532,991.3279,8.840032,17,2778026.5789835365,9152.897975820024,303.51333999999997,9.242047,16,3775825.1516160723,12063.353764002182,312.99962999999997,8.31939,1.194436,0,0.922657,0.40201570000000003,0.5206413,44.20013969875396,0.646101790040288,3,5500.0,4.5,0.0,NOT_AVAILABLE,191.65014106534875,-14.206008482968373,80.11042483859845,-11.490509897286325,100001,5464.3335,5391.0,5546.5,0.1735,0.11800000000000001,0.2721,0.081,0.059000000000000004,0.1253,200111,0.9348726999999999,0.9073791999999999,0.9604796999999998,0.70201826,0.6992706999999999,0.7047658,http://geadata.esac.esa.int/data-server/datalink/links?ID=3387381646261643776,,0.00955267930460308,1
23,32,15563,50.1226,8.4545,1.119,0.033,709,-236,473,-674,-1383,-1147,-532,-1241,-1005,K7V:,9.65,1.13,0.015,30.45,0.26,31.72,0.58,31.58,0.15,31.0463,0.0006,8.2,99,1,19.52,0.25,33.905,0.254,0.887,0.017,-508,30.5732,31.07,-497,1635721458409799680,Gaia DR2 11037726649058432,11037726649058432,1386660414,2015.5,50.12263151591938,0.036335340564150165,8.45447668194787,0.031541840638641815,31.474888461157608,0.0413890790392546,760.4636,226.3236613318554,0.07204725358411475,6.177787970670334,0.065654674994843,0.30320537,0.34007046,-0.024717076,0.08293216,0.02934941,0.113594875,0.23695853,0.11938111,-0.03270243,0.33675635,144,144,142,2,0.26000604,140.66948,0.0,0.0,31,True,273.60953,1.5119946070846242,0.01030423317361487,0.04312722,17,10,0.050998252,0,18,False,141,3908943.490357951,1777.3232595182706,2199.343,9.208217999999999,15,1577104.7636086696,3854.121536935365,409.19955,9.856736999999999,15,3270979.7536902963,4179.361682721777,782.6506,8.475225,1.2402544,0,1.3815117000000001,0.6485194999999999,0.7329922,31.07943562744105,0.3786604809490135,4,4750.0,4.5,0.0,NOT_AVAILABLE,173.65399913884468,-39.314084068569436,49.96783758882425,-9.616501157134033,100001,4575.13,4495.165,4706.925,0.2453,0.1239,0.48,0.0897,0.0579,0.2206,200111,0.70169425,0.6629491999999999,0.7268813000000001,0.19435883,0.19397852,0.19473913,http://geadata.esac.esa.int/data-server/datalink/links?ID=11037726649058432,,0.006901325386983729,1
24,33,15720,50.6183,27.1558,1.003,0.08,636,-286,350,-645,-1281,-995,-516,-1152,-866,--,11.03,1.431,0.004,28.9,0.45,30.6,0.58,30.47,0.13,29.9547,0.0023,7.2,59,1,19.47,0.27,32.938,0.271,-9.616,0.082,-494,29.6048,29.98,-373,1635721458409799680,Gaia DR2 117654650480415744,117654650480415744,1601871161,2015.5,50.61831819897835,0.037653044488838536,27.155775661891518,0.026273521347454528,31.50077057105091,0.04250643153329632,741.08246,220.9532603654453,0.0769363319359279,-64.37460452225424,0.06542323681060669,0.07104055,0.3579962,-0.21736974,0.04922082,-0.19917847,0.08360148,0.07889827,0.08792975,-0.037394214,0.31522152,159,159,158,1,7.4755287,323.46268,0.0,2.275557929537614e-15,31,True,267.98874,1.4299639432401068,0.010044541990598442,0.066494256,18,10,0.052434243,0,22,False,193,1368852.9730046706,773.7614172057115,1769.0892,10.347474,20,429847.07908308133,677.0045477609498,634.9249,11.268104,21,1352097.546203405,2617.919562197549,516.4779,9.4344,1.3017794,0,1.833704,0.9206295,0.9130745000000001,30.000667925983414,0.26554329879830435,7,4000.0,3.0,0.0,NOT_AVAILABLE,159.7826280679881,-24.70480649365133,55.208688944708655,8.347936763467704,100001,4049.22,4000.0,4169.1953,0.53,0.2897,0.8004,0.2337,0.133,0.3906,200111,0.6034675,0.56923574,0.61841017,0.08820394,0.088025875,0.088382,http://geadata.esac.esa.int/data-server/datalink/links?ID=117654650480415744,,0.002536022418160084,1
25,35,17766,57.0502,7.1463,1.0490000000000002,0.05,665,-243,422,-557,-1222,-980,-421,-1086,-843,M1,10.85,1.34,0.015,35.4,0.25,35.51,0.59,35.37,0.16,34.9527,0.0022,7.4,53,1,14.22,0.38,30.414,0.280,1.127,0.021,-411,34.5303,34.96,-432,1635721458409799680,Gaia DR2 3277270538903180160,3277270538903180160,940199028,2015.5,57.05019334161421,0.038256566632989084,7.1462715123887515,0.021958664654832385,27.375047624388824,0.044936664730657626,609.1918,175.5958592126714,0.08304162349013344,6.496385242523023,0.06905685068842074,-0.10621213,0.30203792,-0.28705913,0.042145185,-0.22551641,0.4085765,0.56945145,-0.04507556,-0.39283606,0.34783635,298,298,284,14,10.568269,609.3825,0.0,1.6733133901694366e-15,31,True,325.46664,1.4393347037948296,0.005734223724214631,-0.11243184,34,12,0.05696813,0,48,True,405,1511004.07931268,722.5178091510865,2091.3035,10.240202,46,518534.09217079,626.8520006376983,827.2033700000001,11.064445,47,1420327.4338098047,1070.2856380694718,1327.0546,9.380949000000001,1.283161,1,1.6834955000000003,0.8242425999999999,0.8592529000000001,34.984144037252115,0.24320398821523706,15,4500.0,4.5,0.0,NOT_AVAILABLE,180.75665504983132,-35.20191056170243,56.43653770084146,-12.536600114609287,100002,4124.125,4009.7,4259.82,0.6442,0.2957,0.8608,0.25,0.0489,0.4245,200111,0.68718463,0.6441020000000001,0.7269647,0.123074725,0.12278307,0.12336638,http://geadata.esac.esa.int/data-server/datalink/links?ID=3277270538903180160,,0.0018313205131777247,1
26,36,18018,57.7637,23.9035,1.112,0.087,705,-229,476,-118,-823,-593,4,-701,-471,K7,10.17,1.16,0.04,35.3,0.12,34.67,0.59,34.55,0.15,34.5523,0.001,7.6,85,1,10.26,0.42,29.452,0.348,-9.288,0.111,-271,34.0768,34.28,-200,1635721458409799680,Gaia DR2 66482352830035840,66482352830035840,1637763508,2015.5,57.7636977048054,0.04102177844434248,23.903443836755052,0.018484551159950884,24.464327082342,0.045255177914358985,540.5862400000001,152.59885236477788,0.11489848715628495,-48.0433610111473,0.06034256501869426,0.17123383,0.08591104,-0.11051523,0.047492877,0.09324232,0.05582529,0.56528723,-0.15809679999999998,-0.2601393,0.19434312,390,390,372,18,10.858335,745.7117,0.0,0.0,31,True,285.84958,1.4854041362856871,0.004709846987707857,-0.11125484,44,9,0.07169033,0,48,True,392,2292093.632346162,977.7059851017797,2344.359,9.787785000000001,45,916221.2033292169,529.3794285340077,1730.7457,10.446387,45,1939715.9040297775,1056.4837584699803,1836.0111,9.042575,1.2459949,0,1.4038124,0.6586026999999999,0.7452097,34.156554224617125,0.3850449715657511,14,4750.0,4.5,0.0,NOT_AVAILABLE,167.46914586380984,-23.05022148301686,60.746937955892975,3.6784627642874206,100001,4492.68,4423.435,4622.25,0.1762,0.0906,0.4601,0.08199999999999999,0.0369,0.1754,200111,0.72837627,0.6881133,0.751359,0.19472796,0.1942129,0.19524302,http://geadata.esac.esa.int/data-server/datalink/links?ID=66482352830035840,,0.0024832562472413976,1
27,37,18322,58.7566,12.4855,1.129,0.055999999999999994,716,-236,480,-75,-791,-554,63,-652,-416,M0,10.12,1.07,0.015,37.18,0.22,36.32,0.59,36.18,0.16,36.2453,0.0008,8.1,89,1,7.37,0.45,28.505,0.318,-2.228,0.030,-118,35.7658,36.06,-298,1635721458409799680,Gaia DR2 38354680725946240,38354680725946240,260510417,2015.5,58.756584140863545,0.03570228432917655,12.485542172745536,0.020646075702862268,21.721822994255877,0.04078364057133296,532.6112,131.22755546009682,0.08086532634083833,-10.229084028982733,0.059180749157671714,0.10751124,0.32996783,-0.276616,-0.07252038,-0.10136458,0.22638272,0.48576564,-0.05397699,-0.304797,0.42775106,248,248,244,4,5.919821,392.26657,0.0,0.0,31,True,296.1901,1.507618239854874,0.00616881857135556,0.008674022,28,11,0.056184582000000004,0,40,False,315,2338303.2771342928,765.5071910848488,3054.5803,9.766113,34,989086.1956545823,1177.2794737149088,840.1456,10.363303,38,1895511.3053672859,2275.2415052407277,833.10333,9.067604,1.2336285,0,1.2956991000000002,0.5971899,0.6985091999999999,36.315980909971415,0.2038664896381798,11,4750.0,4.5,0.0,NOT_AVAILABLE,177.315636307796,-30.408230849650394,59.269827417014035,-7.682974720744657,100001,4730.47,4640.24,4918.5,0.21600000000000003,0.016,0.4885,0.079,0.008,0.188,200111,0.71666855,0.6629206999999999,0.7448109,0.23171206,0.23107515,0.23234896,http://geadata.esac.esa.int/data-server/datalink/links?ID=38354680725946240,,0.0010322789261451397,1
28,38,18946,60.9132,19.4549,1.126,0.079,713,-236,478,-663,-1377,-1141,-535,-1249,-1013,K5,10.12,1.095,0.11900000000000001,36.93,0.26,36.76,0.59,36.63,0.15,36.0967,0.0008,7.8,107,1,5.20,0.19,27.761,0.353,-7.594,0.100,-50,35.6188,36.58,-963,1635721458409799680,Gaia DR2 50327297200978176,50327297200978176,430782099,2015.5,60.91322643988814,0.04029513998847573,19.454868918205484,0.020865689619266648,20.816803327499162,0.046617900273413726,446.541,121.84414247723865,0.12390953077075102,-33.26433623984206,0.05132136175791598,0.20037879,-0.025822716000000003,-0.057936687,0.18044497,-0.027499368,0.20257063,0.74567026,-0.19683918,-0.3098887,0.26004213,419,419,400,19,9.652216000000001,732.1379,0.0,0.0,31,True,301.8424,1.5182047740127291,0.005755650117183896,-0.11072935,47,10,0.07671619,0,54,True,440,2320206.7966781054,1018.952059868816,2277.052,9.774549,51,988379.025630906,989.2896488399658,999.0795,10.364078999999998,53,1864412.215060909,1500.0700100747492,1242.8834,9.085566,1.2295418,0,1.2785138999999999,0.58953094,0.68898296,35.72073762226201,0.3620574085063102,7,4750.0,4.5,0.0,NOT_AVAILABLE,173.1555875670214,-24.14576777482593,62.71028429077053,-1.2711266610401897,100001,4746.8667,4675.2437,4954.6,0.2605,0.0475,0.3753,0.135,0.0414,0.1941,200111,0.7379591999999999,0.6773751,0.76074296,0.24910794,0.24831943,0.24989645,http://geadata.esac.esa.int/data-server/datalink/links?ID=50327297200978176,,0.009481546938382095,1
29,39,19082,61.3575,19.442,1.046,0.11800000000000001,663,-230,433,510,-153,77,637,-26,204,--,11.41,1.347,0.005,38.33,0.22,36.96,0.59,36.83,0.15,37.4701,0.0028,7.6,46,1,4.76,0.25,27.399,0.474,-7.328,0.131,-69,37.0375,36.76,274,1635721458409799680,Gaia DR2 50298125783225088,50298125783225088,1210208647,2015.5,61.35751774012489,0.04666406713523368,19.442011158524767,0.02194213487475689,21.14350053934295,0.051652817968369236,409.33878,122.0638010748072,0.09601913093986557,-32.656174104694685,0.053927532138391084,0.23039339999999997,0.51216537,-0.14711238,0.013506475,0.046302103,0.14863065,0.5825098000000001,-0.12415456,-0.21232122,0.27444282,292,292,267,25,11.016116,602.5633,0.0,0.0,31,True,348.65912000000003,1.4448017673760918,0.0071856868944367045,-0.02493229,34,10,0.05873755,0,44,False,329,874587.5017350892,532.7202290397765,1641.7389,10.833858,37,301328.3321709477,328.18840650946134,918.15656,11.653789,37,815732.8782833355,656.4182571159588,1242.7029,9.98305,1.2772435,0,1.6707381999999997,0.81993103,0.8508072,37.573432839452465,0.2594881125706114,19,4250.0,4.5,0.0,NOT_AVAILABLE,173.48065161227615,-23.849983610927573,63.11906290453693,-1.3642125464101742,100001,4060.13,3930.0,4193.01,0.43799999999999994,0.1775,0.8246,0.214,0.0839,0.35700000000000004,200111,0.7123103,0.66787827,0.7602631999999999,0.124220386,0.12379994,0.12464083,http://geadata.esac.esa.int/data-server/datalink/links?ID=50298125783225088,,0.0009282285685346676,1
30,40,19207,61.7556,15.3349,1.107,0.055999999999999994,702,-234,467,556,-146,89,689,-13,221,K5,10.49,1.18,0.015,38.95,0.23,37.56,0.59,37.43,0.16,38.1161,0.0016,8.1,64,1,4.61,0.57,26.401,0.331,-4.203,0.057,-160,37.6487,37.27,381,1635721458409799680,Gaia DR2 45159901786525568,45159901786525568,69241893,2015.5,61.75566301001624,0.10146095440880833,15.334944148492987,0.047002665873555116,22.179966150582494,0.11881008790549655,186.6842,124.78929640581651,0.16512198449567436,-19.96740802210265,0.10945525962201033,0.48013940000000005,0.63507026,-0.1830408,0.117801785,0.3347334,-0.012570923999999999,-0.08073213,0.30486917,0.27440277,0.3556184,99,99,90,9,4.7717957,162.6017,0.0,0.0,31,True,376.28192,1.4902135494173283,0.013761675265576987,0.1574366,12,8,0.09103354,0,12,True,98,1816302.644070997,2725.5604123153994,666.3960599999999,10.040395,10,713830.4160344037,2420.7392401240922,294.88116,10.717400999999999,11,1535224.7762185326,5936.23867222961,258.6191,9.296489999999999,1.2382601,0,1.4209108,0.67700577,0.74390507,38.12084310623483,0.4289178378742824,4,4500.0,3.0,0.0,NOT_AVAILABLE,177.1130887134122,-26.33885337729334,62.711556160112345,-5.468707770713632,100001,4452.78,4373.67,4579.5,0.17600000000000002,0.083,0.5635,0.08800000000000001,0.0386,0.248,200111,0.7340566999999999,0.6939943000000001,0.76085174,0.19084412,0.1896046,0.19208364,http://geadata.esac.esa.int/data-server/datalink/links?ID=45159901786525568,,0.005958221074850429,1
31,41,19263,61.9305,16.5187,1.136,0.065,720,-260,460,473,-247,13,598,-122,138,K0,9.94,1.005,0.012,38.72,0.05,37.53,0.59,37.41,0.16,38.0033,0.0008,7.8,105,1,3.99,0.43,26.433,0.297,-5.390,0.065,-131,37.5431,37.27,268,1635721458409799680,Gaia DR2 45567511362945152,45567511362945152,766392838,2015.5,61.930545076389436,0.04589835576895785,16.518682599418735,0.02956164701778106,21.476408315403916,0.050995700880792506,421.14154,122.3995525720349,0.1069141842360532,-24.99596963619981,0.08819191263710195,0.15742218,0.37095818,-0.0635492,0.038144685,-0.05744889,0.029509467999999997,0.046670344,-0.033476047,0.03437566,0.24460971,147,147,144,3,7.327539999999999,299.3524,0.0,0.0,31,True,211.48798,1.525464404073975,0.008815261887838153,0.04046824,18,10,0.067070134,0,23,False,177,2727476.5014879773,1595.0019513420932,1710.0145,9.598963000000001,22,1198116.474580491,2578.4606314104612,464.66348,10.155141,20,2144387.402740768,3285.6775866830603,652.6469,8.933661,1.2254931999999998,0,1.2214794,0.5561781,0.6653013000000001,37.645638174602986,0.29238067788015504,4,5000.0,4.5,0.25,NOT_AVAILABLE,176.25542012003518,-25.42555525235829,63.10115783027953,-4.337849371145419,100001,4816.5825,4763.627,4849.33,0.1612,0.0879,0.4093,0.0835,0.0426,0.1635,200111,0.7457623999999999,0.73572415,0.7624353,0.26968184,0.2687922,0.27057147,http://geadata.esac.esa.int/data-server/datalink/links?ID=45567511362945152,,0.0015560434007651195,1
32,42,19316,62.1116,12.1918,1.055,0.14400000000000002,669,-273,396,89,-579,-307,220,-449,-176,--,11.28,1.327,0.004,38.43,0.28,37.91,0.59,37.78,0.16,37.9994,0.0029,7.7,44,1,5.47,0.52,25.932,0.332,-2.361,0.042,-123,37.6034,37.66,-53,1635721458409799680,Gaia DR2 3304337251002413952,3304337251002413952,483259073,2015.5,62.11164014010538,0.05554551403936861,12.191799140816341,0.02837117715846169,21.53175870640924,0.06937759111966092,310.3561,119.43326079313606,0.12375664144904375,-10.943105725918471,0.08042470303695592,0.25485426,0.44059893,-0.15892377,0.12865587,0.18052731,-0.04838462,-0.073535815,0.11464726,0.39258608,-0.007128252,150,150,148,2,3.1861648999999996,203.09056,0.0,0.0,31,True,309.43982,1.4417708554564013,0.009110737226625178,-0.015601508,17,8,0.06952329,0,26,False,207,987014.1348279364,528.0028786552832,1869.3347,10.702558,23,344999.19858908467,571.7361598327093,603.42377,11.506843,24,916757.3728948148,997.2810309672199,919.2568,9.856284,1.2783571000000002,0,1.6505584999999998,0.80428505,0.8462734000000001,37.56894019008821,0.5208460983103482,6,4250.0,4.5,0.0,NOT_AVAILABLE,180.04167546055172,-28.13327067205032,62.45631836322136,-8.620647284511191,100001,4119.9634,4037.585,4285.932,0.489,0.14300000000000002,0.7251,0.2033,0.0705,0.35200000000000004,200111,0.70842713,0.6546231,0.73762995,0.13027422,0.12973407,0.13081437,http://geadata.esac.esa.int/data-server/datalink/links?ID=3304337251002413952,,0.0027873495357462357,1
33,43,19441,62.4563,9.3055,1.104,0.062,700,-231,469,126,-574,-343,262,-437,-206,K5V,10.1,1.192,0.011000000000000001,39.24,0.16,38.15,0.59,38.01,0.16,38.276,0.0009,7.7,98,1,12.79,0.39,26.129,0.236,-0.920,0.022,-474,37.807,37.54,267,1635721458409799680,Gaia DR2 3300315443626615040,3300315443626615040,1477427810,2015.5,62.45629680569952,0.0774851216039254,9.305468250470378,0.035456588236395005,27.76870279971332,0.07281611003033862,381.35382000000004,154.86226202368798,0.21695753516822314,-5.594663048934038,0.0959775441039608,0.22519913,-0.27689835,-0.7136658,-0.18643807,-0.07250729,-0.17782018,-0.40326622,0.4504251,0.33443105,0.20347117,114,114,106,8,2.8419385,146.16061000000002,0.0,0.0,31,True,252.08435,1.4915100378614017,0.010437966257598724,-0.026226992,13,7,0.12705213,0,19,True,135,2653419.648901429,1351.1775685006246,1963.7831,9.628851,17,1041160.9465939592,1381.0568292095395,753.8871,10.307592999999999,17,2275963.7925313883,3636.0079868013904,625.95123,8.869006,1.250132,0,1.4385872,0.6787424,0.7598448,38.14362688390214,0.3011012727543545,4,4000.0,3.0,0.0,NOT_AVAILABLE,182.8346026454336,-29.704950000327987,62.24316945731478,-11.519181811424403,100001,4481.9375,4429.5034,4570.1,0.2332,0.0532,0.5875,0.139,0.0463,0.3202,200111,0.6952588000000001,0.6686928000000001,0.71181643,0.17573203,0.17514256,0.1763215,http://geadata.esac.esa.int/data-server/datalink/links?ID=3300315443626615040,,0.004197816598244685,1
34,45,19834,63.7939,14.3984,1.0390000000000001,0.075,658,-351,307,-275,-934,-582,-144,-802,-451,K2,11.56,1.3630000000000002,0.01,38.79,0.36,38.53,0.6,38.4,0.16,38.2546,0.0026,7.7,51,1,3.39,0.33,25.865,0.296,-4.141,0.068,-61,37.9475,38.34,-390,1635721458409799680,Gaia DR2 3311492803955469696,3311492803955469696,1451355092,2015.5,63.79387786396172,0.03675796947766816,14.398376403602473,0.02315646550826317,20.827641961909254,0.03830326610013824,543.7563,114.7122766596854,0.08080301310619653,-18.344692504214674,0.06325965951110006,0.012882418999999999,0.31386185,-0.34772396,0.045429699999999996,-0.13861139,-0.006980033,-0.36636126,0.10085144,0.06305619,0.24642973,193,193,188,5,6.7153563,342.86725,0.0,0.0,31,True,329.45977999999997,1.4178965229439289,0.007550593881337504,0.002190402,22,10,0.055270053,0,27,False,213,800445.519444808,558.9273838248462,1432.11,10.930036999999999,21,269565.35056647647,548.273875729046,491.66187,11.774728,21,760715.5855590124,916.3760344893683,830.13477,10.058864999999999,1.2871344,0,1.7158631999999998,0.8446913,0.87117195,37.62239694269093,0.17492186415532188,7,4000.0,3.0,0.0,NOT_AVAILABLE,179.33226857106388,-25.45969534714916,64.48696851342237,-6.749967101492918,100001,4229.0127,4073.63,4457.0,0.7695,0.2706,0.993,0.3737,0.136,0.4856,200111,0.6068893,0.5463893,0.65407014,0.106137685,0.10583924,0.10643613,http://geadata.esac.esa.int/data-server/datalink/links?ID=3311492803955469696,,0.008093478355005675,1
35,46,19862,63.8909,15.7062,1.137,0.22699999999999998,721,-286,434,150,-571,-284,273,-448,-161,M2,10.96,0.924,0.301,38.96,0.17,38.46,0.6,38.34,0.16,38.6097,0.0017,7.2,58,1,2.98,0.68,25.799,0.355,-4.966,0.075,-148,38.1755,38.19,-13,1635721458409799680,Gaia DR2 3312197934506930944,3312197934506930944,158335997,2015.5,63.89090542824411,0.059421881984365627,15.706167134953644,0.02899822788554978,21.941416485467578,0.0689663457992422,318.14673,120.33391803578341,0.1084531968709178,-23.346712343940148,0.07485808781328372,0.11483667,0.53943187,-0.11969294,0.33557957,0.28685320000000003,0.31041777,-0.14120872,0.37386423,0.16968693,0.024855314,174,174,170,4,0.079836324,165.78488000000002,0.0,0.0,31,True,311.4433,1.4389617760898998,0.008977376304345345,-0.04554311,20,9,0.06245389,0,22,False,190,1266578.737553919,464.94952014728716,2724.1208,10.431786,22,461647.1187547413,557.7514261931466,827.6933,11.190613,22,1144517.635856135,1123.537961432957,1018.67285,9.615364,1.2681128000000002,0,1.5752487,0.7588272,0.8164215,38.49116709203465,0.6371498445682483,4,4500.0,4.5,0.0,NOT_AVAILABLE,178.2980756950265,-24.542840323850122,64.81169780352235,-5.479200692560624,100001,4240.395,4167.1475,4327.25,0.5295,0.2457,0.7484,0.273,0.1064,0.3703,200111,0.7185921999999999,0.69003505,0.7440762,0.15041287,0.14980635,0.1510194,http://geadata.esac.esa.int/data-server/datalink/links?ID=3312197934506930944,,0.006643171401611082,1
36,47,20357,65.3954,14.4097,0.983,0.046,622,-522,101,-82,-704,-182,44,-579,-57,F5V,6.6,0.41200000000000003,0.013999999999999999,39.2,0.21,39.2,0.6,39.07,0.16,39.1183,0.0075,28.5,119,1,3.29,0.57,24.164,0.419,-4.436,0.077,-19,39.0176,39.06,-38,1635721458409799680,Gaia DR2 3311024789960504576,3311024789960504576,615412267,2015.5,65.39544210986372,0.057782140106947176,14.409706546064514,0.03082936887360825,20.519879311609248,0.06770289008990016,303.0872,104.13093777731895,0.09860338345183832,-19.511894201901022,0.07900909815704303,0.2504303,0.61389035,0.03473868,0.30483037,0.15897729,0.15873197,-0.13806239,0.3499704,0.29957990000000007,0.22581339,175,175,171,4,9.7696,413.99492999999995,0.0,0.0,31,True,215.00418,1.628411127586515,0.010258986437524424,0.0027213765000000003,20,9,0.06000001,0,27,False,213,48150657.12170997,13773.502644493416,3495.8906,6.48186,22,28490310.012203824,41041.67961513825,694.17993,6.7146454,23,27557770.58969467,61705.397346498845,446.60225999999994,6.1613097,1.1640148000000001,0,0.55333567,0.23278522,0.32055044,39.024818651371454,0.31175959084523025,13,6750.0,4.5,0.0,NOT_AVAILABLE,180.4132389226677,-24.257835389685308,66.02813819637386,-7.005437796028397,100001,6695.0,6632.0,6891.215,0.5222,0.3826,0.7140000000000001,0.2585,0.1699,0.3687,200111,1.5633336000000002,1.4755749,1.5931761,4.4238496,4.4050913000000005,4.442608,http://geadata.esac.esa.int/data-server/datalink/links?ID=3311024789960504576,,0.00901029411127034,1
37,48,20527,65.9772,14.052,1.072,0.08,679,-236,443,263,-416,-180,384,-295,-59,K5.5Ve,10.89,1.288,0.002,40.64,0.26,39.46,0.6,39.34,0.16,39.7234,0.0019,7.4,55,1,4.45,0.55,23.575,0.252,-3.862,0.055,-228,39.2805,39.11,169,1635721458409799680,Gaia DR2 3310820624394671488,3310820624394671488,1373234481,2015.5,65.97723182921047,0.040123336422893,14.052022219297244,0.02506454118649806,23.13822914414852,0.045314302964078734,510.61645999999996,115.59549003545874,0.0859731847523524,-19.072415059110845,0.0567906457490289,0.24637847,0.22421026,-0.11179660000000001,0.38506335,-0.038913045,0.30140316,0.06929199999999999,0.25755826,0.14875318,0.1829666,215,215,212,3,4.7907667,319.68768,0.0,0.0,31,True,319.98926,1.447752068387835,0.008248868736596367,0.060217924000000006,25,11,0.054444164,0,25,False,215,1350479.1910588827,798.7021447300027,1690.842,10.362146000000001,21,490736.9736336504,649.3851733828164,755.69476,11.124267,19,1220044.2148481344,1910.050098896056,638.7499,9.545981,1.2667956,1,1.5782851999999998,0.76212025,0.8161649999999999,39.544895135983055,0.33829866827812105,6,4250.0,4.5,0.0,NOT_AVAILABLE,181.1068051358847,-24.044636099894827,66.52927018264123,-7.451313202938106,100002,4225.282999999999,4171.9497,4299.5146,0.4605,0.1484,0.7557,0.2143,0.077,0.3493,200111,0.7115395999999999,0.6871821,0.7298483,0.14538385,0.14497311,0.14579459,http://geadata.esac.esa.int/data-server/datalink/links?ID=3310820624394671488,,0.003625923439820144,1
38,51,20762,66.7269,13.1381,1.1159999999999999,0.061,707,-236,472,381,-326,-90,508,-199,36,K7,10.48,1.146,0.001,41.22,0.21,39.83,0.6,39.7,0.16,40.2113,0.0018,8.2,57,1,3.51,0.24,23.845,0.276,-3.765,0.052,-48,39.7397,39.66,84,1635721458409799680,Gaia DR2 3307645131734449408,3307645131734449408,967415477,2015.5,66.72688873527062,0.032969490869556216,13.138105412501822,0.018877616349556342,20.7793364547188,0.036542236558946624,568.63885,104.47952004181313,0.07677360700637,-16.58412644208077,0.050128506432349146,0.21863505,0.12778895,-0.20292187,0.18112907,-0.07352193,0.121453695,-0.2598263,0.15211648,0.2404585,0.1055127,295,295,282,13,6.051499,444.32982999999996,0.0,0.0,31,True,285.08615,1.4943665323397242,0.006051201117796961,0.05375725,34,12,0.051111158,0,35,False,296,1745234.1629222264,1076.1158166151897,1621.7903,10.083732000000001,32,700558.5362042545,1362.8716461220395,514.0312,10.737777000000001,32,1463849.404255956,2048.167718840133,714.7117,9.348179,1.2401819,1,1.3895978999999998,0.6540451,0.7355528,39.822967011429405,0.3508589079084941,6,4500.0,4.5,0.25,NOT_AVAILABLE,182.38668152061257,-24.041971906916434,67.1067323384027,-8.470679573417344,100002,4601.0,4523.27,4653.6665,0.369,0.1439,0.6083,0.18100000000000002,0.07,0.28800000000000003,200111,0.6989533,0.6832224,0.72318196,0.19724225,0.19670701,0.19777748,http://geadata.esac.esa.int/data-server/datalink/links?ID=3307645131734449408,,0.004198582751071151,1
39,52,20827,66.9464,14.4177,1.137,0.085,721,-333,388,-101,-822,-489,17,-703,-370,K0,9.48,0.929,0.005,40.46,0.07,39.82,0.6,39.7,0.16,39.7185,0.0008,8.0,103,1,3.19,0.49,23.375,0.310,-4.478,0.061,-14,39.3308,39.69,-356,1635721458409799680,Gaia DR2 3310903740601986432,3310903740601986432,1054074778,2015.5,66.94642734675811,0.035777979441787754,14.417667226435931,0.017674040052279332,20.24646845027351,0.040166238138690684,504.06683,100.48678778003828,0.07784060914509527,-19.207002506585305,0.049995987831584585,0.28795886,0.250894,-0.21410413,0.25918406,0.19592590000000001,0.22125509999999998,-0.43580109999999994,0.21719241,0.31015077,0.07082779,495,495,485,10,6.3075275,702.29517,0.0,0.0,31,True,282.84238,1.554681854975375,0.005046289141154955,0.10215913,56,12,0.050499793,0,58,True,488,3896868.3722297736,1074.1827977421449,3627.7517,9.211575999999999,54,1825088.375582888,1535.3378527346506,1188.7211,9.698178,54,2917948.3327058344,1877.7696993971986,1553.9437,8.599226,1.2171406,1,1.0989523,0.48660183,0.61235046,39.591527172902786,0.2466476661871245,10,5250.0,4.5,0.25,NOT_AVAILABLE,181.4344513239444,-23.082325653995856,67.52330175478474,-7.240859135207637,100002,4960.1953,4895.484,5031.25,0.24,0.0329,0.3868,0.1155,0.015,0.1837,200111,0.8757129000000001,0.8511527,0.8990173,0.41822818,0.41701123,0.41944513,http://geadata.esac.esa.int/data-server/datalink/links?ID=3310903740601986432,,0.001806746937333984,1
40,53,21138,67.9691,15.4994,1.075,0.161,681,-234,447,261,-420,-187,385,-297,-63,K5Ve,11.02,1.28,0.013999999999999999,41.28,0.21,40.13,0.6,40.01,0.16,40.3908,0.0025,7.7,46,1,2.02,0.44,22.646,0.267,-5.224,0.069,-146,39.9435,39.86,83,1635721458409799680,Gaia DR2 3312564037520033792,3312564037520033792,1474416401,2015.5,67.96910450542353,0.03943490678321448,15.49937684978068,0.018768405822308286,21.83669223516287,0.037787816730071234,577.8765,105.2403849724832,0.08302266224501313,-24.294895308771764,0.049751752869088325,-0.059939843,0.061439138,-0.49348515,0.31770462,-0.047312405,0.20981732,-0.50169814,0.28744432,0.18577583,-0.051037688,317,317,313,4,2.4121091,371.07425,0.0,0.0,31,True,305.94492,1.4692404291706032,0.005519893763123936,0.0057723518000000005,36,12,0.056886584000000004,0,36,True,314,1191347.1488488566,532.4459475358751,2237.4988,10.49827,30,433390.6313894196,659.179402985861,657.4699,11.25919,31,1078356.4701140812,1996.2235640074798,540.19824,9.680014,1.2689393,1,1.579176,0.7609196,0.8182564,40.44317894778472,0.2902023768526515,8,4500.0,5.0,0.0,NOT_AVAILABLE,181.17956219476096,-21.63640606772478,68.67377046742112,-6.323713159851825,100002,4268.9,4177.887,4329.4873,0.493,0.1604,0.7385,0.239,0.077,0.3423,200111,0.6858217,0.66676104,0.71602756,0.14072816,0.14036056,0.14109576,http://geadata.esac.esa.int/data-server/datalink/links?ID=3312564037520033792,,0.0010525497962722904,1
41,54,21256,68.4054,21.1507,1.09,0.079,691,-239,452,464,-227,11,575,-116,123,K8,10.69,1.237,0.005,41.39,0.2,39.56,0.6,39.45,0.16,40.0236,0.0013,7.6,74,1,4.73,0.36,22.336,0.265,-9.538,0.114,-212,39.5714,39.24,335,1635721458409799680,Gaia DR2 144377799556207488,144377799556207488,1040986234,2015.5,68.40541889062327,0.04352764832853687,21.150651646922245,0.02375288418063395,22.832899766199453,0.047051951970900674,485.27,108.25066357520521,0.09612833697555832,-46.33696783335262,0.05985033902283742,0.22503373,0.30995320000000004,-0.28524855,0.01931322,0.01435115,-0.0006026136,-0.5262481,0.041875347,0.10460411,0.13718627,229,229,226,3,5.01358,343.15512,0.0,0.0,31,True,301.6716,1.4760088106365636,0.007340628570689023,0.052291326,26,11,0.059910502000000004,0,26,True,224,1569704.350938012,658.1678118103038,2384.9607,10.198821,25,598240.8665816819,403.7192846044291,1481.8239,10.909198,25,1381524.2161081242,785.2135354387751,1759.4248,9.411024000000001,1.2612344,0,1.4981737,0.71037674,0.7877970000000001,40.474780915790596,0.23884018128873746,2,4250.0,4.5,0.0,NOT_AVAILABLE,176.7866461772327,-17.761718480066087,69.92336510231253,-0.7961433436575741,100001,4334.0,4271.12,4477.12,0.43200000000000005,0.1659,0.556,0.209,0.0959,0.271,200111,0.7187063,0.673491,0.74002385,0.16419248,0.16371505,0.16466992,http://geadata.esac.esa.int/data-server/datalink/links?ID=144377799556207488,,0.002275840367384285,1
42,55,21261,68.4251,19.0139,1.102,0.06,699,-234,465,273,-426,-192,388,-311,-77,--,10.74,1.197,0.004,41.43,0.15,39.89,0.6,39.77,0.16,40.1629,0.0015,8.1,69,1,2.20,0.53,22.578,0.271,-7.616,0.094,-67,39.6981,39.71,-9,1635721458409799680,Gaia DR2 3410453484725565312,3410453484725565312,458364843,2015.5,68.42515255188813,0.08897752984228599,19.01388862485241,0.05572485172365838,20.922137633097442,0.0694530287911936,301.24155,100.31371378865707,0.16184018083472435,-33.80792170565856,0.13934164152557346,0.8299953000000001,0.51132786,-0.5928682,-0.6124628000000001,0.36149347,-0.61425656,-0.80357355,-0.10040417,-0.17697017,0.75499743,221,221,215,6,7.692845299999999,409.3595,0.0,0.0,31,True,338.56183,1.4909463154887703,0.00890757602494242,0.21590722,25,9,0.12219537,0,28,True,226,1471075.1343460958,903.9707833329448,1627.3481,10.269279,25,571705.4221004238,1121.1881709656166,509.9103,10.958457000000001,25,1270475.9469912956,2315.321578940128,548.72546,9.502004,1.2522687,0,1.4564533000000002,0.68917847,0.76727486,40.16552131451478,0.7872523775913984,5,4500.0,4.5,0.0,NOT_AVAILABLE,178.54162472439774,-19.10120437316917,69.62866712479683,-2.9125916888658345,100001,4565.955,4422.3,5081.282999999999,0.23800000000000002,0.0283,0.6316,0.132,0.0279,0.2993,200111,0.65128756,0.52588314,0.694288,0.16609891,0.16538809,0.16680972,http://geadata.esac.esa.int/data-server/datalink/links?ID=3410453484725565312,,0.005035699494601394,1
43,56,21723,69.9628,12.7284,1.129,0.061,716,-237,478,599,-116,121,717,1,239,K5,10.04,1.073,0.005,42.5,0.19,41.08,0.6,40.96,0.17,41.6793,0.001,7.9,89,1,5.73,0.39,20.787,0.212,-3.275,0.041,-248,41.2011,40.71,486,1635721458409799680,Gaia DR2 3307992336891315968,3307992336891315968,1607727358,2015.5,69.96283830990222,0.04006880054578235,12.728408624130592,0.02189820418812391,22.889638920273576,0.04922712937863717,464.98015999999996,102.51448409636612,0.08244502196913442,-16.181899099666495,0.04256848677535522,0.017968629,0.29642009999999996,-0.24488725,0.0039603137,-0.2056656,0.10410461,-0.7180758,-0.023667833,0.35787377,-0.34472167,353,353,340,13,7.1636243,555.8067,0.0,0.0,31,True,280.8966,1.504894877305473,0.006086425958328996,-0.046536617,40,14,0.051508475,0,43,True,343,2580450.819850327,1147.1152238299655,2249.5132,9.659127,39,1094886.9447832229,1646.6210486991736,664.9295,10.252965,40,2089774.1032366608,2217.165823391684,942.54297,8.961672,1.2341491000000002,1,1.2912931,0.59383774,0.6974554000000001,41.408660447653645,0.3378850180091098,9,5000.0,4.5,0.25,NOT_AVAILABLE,184.8130594370921,-21.77911740619789,70.20207714997308,-9.344346142989401,100002,4809.8467,4707.59,4899.7563,0.192,0.0106,0.3841,0.0785,0.0067,0.183,200111,0.68313855,0.65829766,0.71313876,0.22502835,0.22435318,0.22570352,http://geadata.esac.esa.int/data-server/datalink/links?ID=3307992336891315968,,0.0021396268010068194,1
44,57,22177,71.5787,3.6364,1.0759999999999998,0.071,682,-237,444,190,-492,-254,310,-372,-134,--,10.92,1.2770000000000001,0.005,43.16,0.25,41.71,0.6,41.59,0.17,41.9002,0.0021,7.5,50,1,11.46,0.27,19.972,0.230,2.846,0.044,-160,41.4557,41.43,26,1635721458409799680,Gaia DR2 3281064262038614912,3281064262038614912,328213377,2015.5,71.57870950551806,0.03052658026933539,3.636393950118922,0.022051018208741127,22.143765395169453,0.04137256950347816,535.2282,93.36575992202036,0.06382191686544128,13.294607074643714,0.04721315442743889,0.14142875,0.04403478,-0.35981938,-0.0141147645,-0.22283846,0.048753805,-0.665601,0.17442153,0.39781323,-0.11981592,322,322,314,8,5.879797,478.53592000000003,0.0,0.0,31,True,337.08008,1.4603130585791309,0.0064861790437770435,0.04657383599999999,36,14,0.041858207,0,36,False,311,1314958.8607531432,423.38167483235486,3105.8474,10.391086,36,484173.6020298767,409.14120165840944,1183.39,11.138885499999999,36,1181537.805584397,979.3099910595197,1206.5004,9.580801,1.2667403,0,1.5580844999999999,0.7477999,0.8102845999999999,41.769501450383466,0.4703160570842693,9,4500.0,4.5,0.0,NOT_AVAILABLE,193.98896202924743,-25.611049443704385,70.56823063049373,-18.568836745586786,100001,4283.8896,4239.2970000000005,4380.7075,0.5117,0.054000000000000006,0.8101,0.22899999999999998,0.0459,0.3951,200111,0.7028734999999999,0.67214847,0.7177382,0.14990018,0.14949194,0.15030843,http://geadata.esac.esa.int/data-server/datalink/links?ID=3281064262038614912,,0.0017510602073955318,1
45,58,22253,71.8595,23.0508,1.123,0.084,712,-248,463,216,-496,-247,324,-388,-140,K2III,10.69,1.112,0.004,41.78,0.23,40.4,0.6,40.29,0.16,40.6158,0.0014,8.3,71,1,10.21,1.10,20.371,0.333,-10.645,0.174,181,40.1526,40.47,-320,1635721458409799680,Gaia DR2 3413146914550583680,3413146914550583680,54610400,2015.5,71.85948614227237,0.04271025680306166,23.050744671369802,0.03170149115186521,18.153689130930672,0.05435647972320285,333.9747,78.89660579125507,0.09528295860932567,-41.34299687393228,0.05961786235687042,-0.09487019,0.011633238999999998,-0.21330203,0.10499309,-0.531808,0.14216477,-0.64460737,0.02916233,0.5066135,-0.24683161,182,182,180,2,2.1686447,218.01495,0.0,0.0,31,True,342.5061,1.5142329868815076,0.00953527028525284,-0.09462984,21,11,0.057905275,0,21,True,182,1425995.6120905553,1406.4457949856894,1013.90015,10.30307,20,589644.8059903778,1969.7153194068203,299.35535,10.924911999999999,19,1181485.0032374258,3589.234220797405,329.17467999999997,9.58085,1.2420303999999998,1,1.3440628000000001,0.6218424,0.7222204000000001,40.61404650592854,0.5559336459288152,9,4500.0,3.0,0.0,NOT_AVAILABLE,177.33697850645697,-14.077926826150373,73.35096991800955,0.6538395559108411,100002,4604.4,4484.6,4763.955,0.19399999999999998,0.0195,0.4071,0.1105,0.0099,0.205,200111,0.72167736,0.67414576,0.7607495,0.21089825,0.21002329999999997,0.2117732,http://geadata.esac.esa.int/data-server/datalink/links?ID=3413146914550583680,,0.0016158277114092952,1
46,59,22271,71.9247,26.1499,1.109,0.051,703,-224,478,-200,-903,-678,-94,-796,-572,K7III,10.61,1.1740000000000002,0.005,40.3,0.17,39.76,0.6,39.65,0.16,39.5603,0.0013,7.2,70,1,8.46,0.34,25.545,0.357,-18.881,0.263,-70,39.082,39.58,-502,1635721458409799680,Gaia DR2 154257259425702144,154257259425702144,492116971,2015.5,71.92471200092822,0.05557792658081398,26.149867387117528,0.029341102835557343,21.003015728912086,0.054450981376022334,385.72336,113.23449630612404,0.1219038901103151,-83.79024359111622,0.047000903877607816,-0.32040507,-0.1446682,-0.65767115,0.28994116,-0.028690625,0.32963195,-0.83300835,0.38548574,0.22476302,-0.29840170000000005,350,350,340,10,6.539467,533.47064,0.0,0.0,31,True,311.4497,1.4945217742232892,0.006637490937520505,-0.12563010000000002,39,12,0.078002766,0,42,False,342,1639165.9406365284,607.5860172364797,2697.8335,10.151809,41,645919.0058928082,520.4942876704765,1240.9723,10.825942999999999,38,1403351.915765926,1046.5705743827018,1340.9052,9.394003999999999,1.2501912,1,1.4319391000000001,0.67413425,0.7578049,39.4104878128598,0.255833826233046,16,4500.0,4.5,0.0,NOT_AVAILABLE,174.88154754873867,-12.105876324276204,73.79366374938333,3.7218082826821113,100002,4495.06,4394.61,4589.8,0.184,0.0549,0.5987,0.111,0.027000000000000003,0.3015,200111,0.7163651999999999,0.68709695,0.7494883000000001,0.18875815,0.18809612,0.18942018,http://geadata.esac.esa.int/data-server/datalink/links?ID=154257259425702144,,0.0046849378971614035,1
47,60,22654,73.0984,18.9968,1.129,0.075,716,-248,468,216,-500,-252,322,-394,-146,K0,10.29,1.07,0.015,42.88,0.25,41.48,0.6,41.37,0.17,41.6956,0.0012,8.2,76,1,6.42,0.60,18.927,0.216,-8.410,0.100,35,41.2276,41.41,-180,1635721458409799680,Gaia DR2 3406943091991364608,3406943091991364608,768255886,2015.5,73.09840829038781,0.039849019269981814,18.996755717416807,0.024108394479946445,19.67398541616727,0.046746636521956986,420.8642,79.12836011672617,0.08233815815784294,-35.21822960121931,0.045609451746980216,-0.08843075,0.34496197,-0.13483804,0.07635681,-0.22670187,0.062459473,-0.7766929,-0.069150105,0.41087615,-0.23138429,344,344,340,4,5.8180976,508.41083,0.0,0.0,31,True,274.05646,1.5245346046909185,0.005598970820095827,-0.119391955,39,12,0.051379985999999996,0,41,True,340,2006500.479799395,853.9316207664352,2349.7202,9.932267,39,855262.7660654971,1081.6945688508963,790.6694,10.521139,37,1617201.495754148,1294.6514112483674,1249.1405,9.240008999999999,1.2322271,0,1.2811298,0.58887196,0.6922579000000001,41.42562848024919,0.25567832289421044,6,4500.0,4.5,0.25,NOT_AVAILABLE,181.3954613182878,-15.621799036254554,74.01348877441205,-3.5094432939874434,100001,4715.11,4593.33,4789.815,0.1953,0.008,0.4684,0.0937,0.0046,0.2379,200111,0.7395098000000001,0.71662194,0.7792418000000001,0.24352853,0.24271256,0.24434450000000002,http://geadata.esac.esa.int/data-server/datalink/links?ID=3406943091991364608,,0.0015513023863265546,1
48,61,23312,75.204,4.7332,1.137,0.106,721,-309,412,110,-611,-302,226,-495,-186,K2,9.71,0.9570000000000001,0.047,42.21,0.4,42.94,0.6,42.82,0.17,43.0503,0.0007,7.6,110,1,13.71,0.28,17.892,0.223,2.455,0.040,96,42.6378,42.92,-282,1635721458409799680,Gaia DR2 3239389683266590208,3239389683266590208,629758326,2015.5,75.20400721514447,0.03147688270775477,4.733154805312113,0.022412818893279483,19.206843055389427,0.03800915450147331,505.3215,72.56718341392458,0.07087904350300805,9.990153284876175,0.04381867494758965,0.07861111,0.15073314,-0.28420009999999996,0.09122107,0.053596300000000006,0.20509937,-0.70973146,0.055467125,0.13394032,-0.11505022,365,365,362,3,2.9918058,442.28967,0.0,0.0,31,True,244.69563,1.5472839301050578,0.0052899332567556715,-0.042595845,41,14,0.047082026,0,43,True,355,3139808.85168065,1214.8518198602428,2584.52,9.446108,42,1462841.9452056088,2085.1002282490062,701.56915,9.938395,39,2349831.958936275,3435.98455291999,683.8889999999999,8.834328,1.2143012,1,1.1040668,0.49228668,0.61178017,43.19296657672754,0.23179535362458345,12,4750.0,4.5,0.0,NOT_AVAILABLE,195.07618350333743,-21.966045132200453,74.48607561334894,-17.91281718465283,100002,5005.4,4955.0664,5059.76,0.054000000000000006,0.008,0.22699999999999998,0.023,0.0049,0.121,200111,0.8096561,0.7923524000000001,0.82618856,0.37072426,0.36962572,0.3718228,http://geadata.esac.esa.int/data-server/datalink/links?ID=3239389683266590208,,0.0020579283368329353,1
49,62,13806,44.4454,29.6613,1.1320000000000001,0.037000000000000005,717,-318,399,-484,-1201,-883,-362,-1079,-761,G5,8.92,0.855,0.008,26.62,0.21,26.86,0.57,26.74,0.12,26.3762,0.001,8.6,99,BY,19.09,0.35,36.991,0.409,-8.925,0.099,-188,25.9768,26.55,-573,1635721458409799680,Gaia DR2 129070265532645888,129070265532645888,1629151934,2015.5,44.44539811314836,0.045695594117119584,29.661268569774254,0.03202649468072979,24.07662812681027,0.04549368340173235,529.23016,187.47689160055774,0.0955217963491602,-45.13271528816744,0.07577579493077226,-0.026764719,0.1604445,-0.20847139,-0.16338256,-0.122278675,-0.14021549,0.083929546,0.11713038,0.10417164,0.12929878,125,125,119,6,8.10778,284.25043,0.0,0.0,31,True,158.68071,1.5518955617739163,0.011350338240485524,-0.17948715,14,8,0.060465172000000005,0,27,False,204,6405816.75254538,2778.299122506616,2305.6614,8.671928999999999,25,3083415.570107543,4522.401666362914,681.8093,9.128808,25,4644646.109406748,6386.78871301552,727.2272,8.094539,1.2064131,0,1.0342693,0.45687866,0.5773906999999999,26.18883320536701,0.5096336952418677,5,5250.0,4.5,0.0,NOT_AVAILABLE,153.26147802810715,-25.6673784405162,50.594886532076906,12.239465526909466,100001,5152.5,5087.95,5280.0,0.057999999999999996,0.0,0.2866,0.0353,0.0,0.1341,200111,0.85831326,0.8173611,0.8802299000000001,0.46779796,0.46653602,0.46905990000000003,http://geadata.esac.esa.int/data-server/datalink/links?ID=129070265532645888,,0.0028501430224766237,1
50,63,13976,45.0131,7.7498,1.137,0.06,721,-292,429,323,-397,-106,467,-253,38,G5,7.97,0.9259999999999999,0.015,28.35,0.18,28.6,0.57,28.46,0.14,28.9233,0.0003,7.8,119,BY,26.74,0.15,36.693,0.228,2.367,0.016,-663,28.4944,27.79,701,1635721458409799680,Gaia DR2 8479094371605632,8479094371605632,979956327,2015.5,45.013141699523175,0.057631611124980435,7.749846304857527,0.04778060981966587,42.03587955626632,0.06675138527122569,629.7379,327.90280939345257,0.09644925914836308,21.242364042037398,0.09289798429331823,0.38326317,0.53090143,0.1259038,0.22936866,0.15185395,0.24198338,0.31349936,0.22433427,0.09398702,0.38775557,115,115,113,2,3.5726302000000003,168.57684,0.0,0.0,31,True,72.861664,1.5398701380949282,0.015034313778190866,0.01936688,13,8,0.06534809,0,13,False,112,15558716.83433788,10331.679291069358,1505.9233,7.708431200000001,13,7136181.511836782,29147.089300547992,244.83342000000002,8.217724,13,11491124.009471025,68658.95249573607,167.36526,7.111014,1.1972263,0,1.10671,0.5092926,0.59741735,28.636632993185657,0.1301088478025774,9,5000.0,4.5,0.0,NOT_AVAILABLE,169.31120470307368,-43.244603472420934,44.84137467213566,-8.91939828303886,100001,5004.25,4989.3335,5050.0,0.033,0.0109,0.292,0.0237,0.006,0.183,200111,0.8239955,0.8091333,0.8289298,0.38361922,0.3827955,0.38444293,http://geadata.esac.esa.int/data-server/datalink/links?ID=8479094371605632,,0.004195702167508862,1
51,64,19786,63.6141,12.4353,1.08,0.071,684,-514,171,-162,-846,-333,-31,-715,-201,G0,8.05,0.64,0.001,39.32,0.14,38.57,0.6,38.44,0.16,38.4077,0.0011,9.7,122,BY,4.71,0.40,26.017,0.340,-2.959,0.041,-57,38.2372,38.38,-144,1635721458409799680,Gaia DR2 3304412601908736512,3304412601908736512,1680058064,2015.5,63.61406676319081,0.07901978550430337,12.435258318524122,0.035756215392124764,21.130521340565494,0.07484332330359987,282.33008,114.79535345147688,0.2243044353517083,-13.082494339779696,0.1065615258991381,0.2351534,-0.34577507,-0.628652,-0.17191786,-0.28560647,-0.20881447,-0.3920111,0.37711978,0.28049752,0.13878132,147,147,145,2,5.8946695,262.59958,0.0,0.0,31,True,64.48207,1.6160575059964717,0.011561483638797066,-0.10887916,18,8,0.12901132,0,25,False,186,13303677.97866866,10929.53965909968,1217.2222,7.8784366,21,7119950.618271822,15828.92385448809,449.80637,8.220196000000001,19,8692803.127532393,13062.236838150156,665.49115,7.4140205,1.1886002,0,0.80617523,0.3417592,0.46441603,38.31881345430109,0.2179618246657341,10,6000.0,4.0,0.25,NOT_AVAILABLE,180.88937271775814,-26.84934546112495,63.96098782750674,-8.650692769823692,100001,5827.6997,5755.8247,5904.75,0.062,0.0313,0.1801,0.0323,0.0129,0.0961,200111,1.0625503,1.035001,1.0892528000000001,1.1732278999999999,1.1679118999999998,1.1785438999999998,http://geadata.esac.esa.int/data-server/datalink/links?ID=3304412601908736512,,0.0004809491204219458,1
52,65,19793,63.6352,23.5747,1.0859999999999999,0.057,688,-520,168,321,-367,153,444,-244,276,G3V,8.05,0.657,0.006999999999999999,38.21,0.23,37.31,0.59,37.19,0.15,37.6314,0.0011,10.0,138,BY,6.00,0.20,25.597,0.290,-10.319,0.117,-147,37.4633,37.04,423,1635721458409799680,Gaia DR2 149005270337201792,149005270337201792,1042377868,2015.5,63.63520669480864,0.048247058325791715,23.57473657707079,0.02506666714928629,21.828243043191804,0.05083433715302076,429.39957000000004,119.94955604982604,0.10065806538795104,-48.151222042294776,0.07563551246162087,0.31956568,0.35720772,-0.33802667,0.23470412,0.25004777,0.08102441,-0.38568258,0.064637855,0.17385241,0.16190018,352,352,350,2,9.240312,648.0796,0.0,0.0,31,True,71.59270500000001,1.6077200336579471,0.00709298273961584,0.05647362,40,11,0.06222868,0,42,True,356,13253659.153158907,4474.834025314854,2961.8213,7.882526400000001,40,7038238.315996474,7616.454741345307,924.08325,8.232728,39,8714372.266403083,7992.233022561391,1090.3551,7.4113297000000005,1.1885481000000002,0,0.82139826,0.35020159999999995,0.47119665,37.468039342141275,0.15153428320018586,19,5750.0,4.5,0.25,VARIABLE,171.79371198901197,-19.47838991829721,65.96143203855155,2.30882962346393,100001,5750.0,5733.5,5849.6665,0.09,0.017,0.2151,0.0495,0.0076,0.106,200111,1.0570457,1.0213326999999999,1.0631385,1.1004076999999999,1.0968813999999998,1.103934,http://geadata.esac.esa.int/data-server/datalink/links?ID=149005270337201792,http://geadata.esac.esa.int/data-server/data?RETRIEVAL_TYPE=epoch_photometry&ID=149005270337201792,0.005566219478325635,1
53,66,19934,64.14,21.9073,1.126,0.042,714,-353,361,419,-294,58,544,-170,183,K0V,9.14,0.813,0.002,38.46,0.19,37.8,0.59,37.68,0.16,38.2191,0.0006,7.5,136,BY,6.41,0.55,25.365,0.320,-9.306,0.118,56,37.8582,37.73,127,1635721458409799680,Gaia DR2 52548241968465408,52548241968465408,394196530,2015.5,64.13997593960427,0.04054580817940456,21.907302143121285,0.02255095052958597,19.57077478571847,0.04228918632035465,462.78435999999994,104.83075024963988,0.0933032028479809,-38.40354681250076,0.07098118005730122,0.4789589,0.16302498,-0.4238437,-0.055134203,-0.0030855946000000003,-0.17878899,-0.5697766,0.07506084,0.30729046,0.36320084,422,422,412,10,10.219413000000001,772.71045,0.0,0.0,31,True,243.34799999999998,1.5826838465224944,0.005928112303998139,0.07784059,48,10,0.06415086,0,50,True,435,5083085.561626972,1695.6362783011264,2997.745,8.923047,48,2515788.8517988487,3135.0794432553444,802.4642,9.349703,49,3600202.2009314043,2947.999127197122,1221.2358,8.371102,1.2032044,1,0.9786004999999999,0.42665577,0.55194473,38.12216736501637,0.16579827110551654,12,5500.0,4.5,0.25,VARIABLE,173.43346712330566,-20.26514084847263,66.12777908032085,0.5856407382420146,100002,5291.725,5083.532999999999,5446.5,0.126,0.016,0.264,0.0693,0.0177,0.11599999999999999,200111,0.8820239,0.8326065999999999,0.9557483,0.54959714,0.5478791999999999,0.55131507,http://geadata.esac.esa.int/data-server/datalink/links?ID=52548241968465408,http://geadata.esac.esa.int/data-server/data?RETRIEVAL_TYPE=epoch_photometry&ID=52548241968465408,0.003760088826923171,1
54,67,20082,64.5808,16.0882,1.137,0.067,721,-283,438,249,-472,-190,374,-347,-64,K3V,9.57,0.98,0.005,39.64,0.08,38.72,0.6,38.59,0.16,38.9685,0.0008,7.4,98,BY,2.54,0.53,25.392,0.258,-5.003,0.060,-153,38.5304,38.44,89,1635721458409799680,Gaia DR2 3312281669189449472,3312281669189449472,343117694,2015.5,64.58083132608715,0.038452608227306805,16.088230860678596,0.024558227368018517,22.13534926959188,0.04207560167996648,526.08514,119.01426338614509,0.08820680508848605,-23.332981233975488,0.06492115599749243,0.20850939,0.20672265,-0.34958327,0.022133202999999997,-0.020091278,-0.03962738,-0.4295857,0.25318637,0.12527788,0.25399572,215,215,212,3,8.215494999999999,422.12122,0.0,0.0,31,True,314.12973,1.5399722397282465,0.007669320427474336,0.07161225,24,10,0.058582045,0,26,False,222,3635083.093837319,1764.2686850829714,2060.3909,9.28708,26,1648910.5180974475,2594.5696468662513,635.5237,9.808394999999999,26,2772662.385127103,3458.492139557064,801.6969,8.654677000000001,1.2163608999999997,0,1.153718,0.5213156,0.6324024,38.638230527896646,0.4213873989386112,4,5000.0,4.5,0.0,NOT_AVAILABLE,178.44981491701859,-23.78978690709092,65.53465042886512,-5.2181701275929715,100001,5007.105,4891.0,5234.98,0.193,0.1176,0.2891,0.096,0.059000000000000004,0.161,200111,0.7552673000000001,0.6909459,0.79155076,0.32303005,0.32213179999999997,0.3239283,http://geadata.esac.esa.int/data-server/datalink/links?ID=3312281669189449472,,0.004467100374265491,1
55,68,20130,64.7421,19.9065,1.112,0.052000000000000005,705,-384,321,378,-327,57,498,-207,177,G9V,8.62,0.745,0.005,39.58,0.06,38.34,0.6,38.22,0.16,38.7177,0.0006,8.2,160,BY,2.93,0.21,24.607,0.317,-7.964,0.103,-119,38.3968,38.1,296,1635721458409799680,Gaia DR2 49005581144118784,49005581144118784,1146505336,2015.5,64.74207749187468,0.05115346124155312,19.9065439120542,0.026511156281509327,21.261970037967213,0.05354877904342077,397.05798,112.93837099506227,0.09891432823819404,-36.62517868500685,0.08205058202769235,0.38180876,0.43642864,-0.28412136,0.13101286,0.13891318,-0.07807366,-0.49139172,0.115011685,0.28256962,0.31349109999999997,339,339,336,3,5.759575,501.52545,0.0,0.0,31,True,149.36389,1.5844631475418165,0.007420359520007961,0.07091539,39,10,0.0634563,0,44,True,357,8116582.087668773,2605.6125847326816,3115.0378,8.414933,39,4153331.658183044,5635.827761503332,736.9515,8.805397,40,5562794.084013778,7321.69957305442,759.7681,7.898687400000001,1.1970711,0,0.9067097,0.39046383,0.51624584,38.490018749027314,0.2559087599868699,17,5500.0,4.5,0.0,NOT_AVAILABLE,175.42913131994618,-21.17917286758789,66.33849209092773,-1.4819558682389544,100001,5566.0,5461.075,5597.6665,0.0848,0.019,0.1464,0.0447,0.023,0.0711,200111,0.91277575,0.9024777,0.9481875,0.7204366,0.71797484,0.7228983,http://geadata.esac.esa.int/data-server/datalink/links?ID=49005581144118784,,0.0035492576559845563,1
56,69,20237,65.0537,19.2336,1.047,0.045,663,-596,68,-164,-827,-231,-41,-704,-109,G0V,7.46,0.56,0.013999999999999999,38.81,0.18,38.56,0.6,38.44,0.16,38.3962,0.0018,15.4,168,BY,--,--,--,--,--,--,-158,38.3287,38.28,49,1635721458409799680,Gaia DR2 48203487411427456,48203487411427456,204358890,2015.5,65.0545500934205,0.08596804843746812,19.23332589281751,0.03480106191459481,21.5991558471216,0.10742947995766236,201.05428,114.52073262181395,0.19867700681866227,-35.47827084534282,0.11124401957646228,0.27624099999999996,0.19613397,-0.5200311,0.30879316,0.25557876,0.2196239,-0.40335244,0.19058128,0.46353033,-0.10165991,301,301,295,6,8.1459055,532.741,0.0,0.0,31,True,109.75588,1.6293178031602027,0.008525113249555268,0.052210305,35,7,0.10841735,0,45,False,334,22420023.917942066,4713.582881336748,4756.4717,7.3117757,36,12458243.79246369,7950.122480923029,1567.0505,7.6127462,32,14060497.656286672,13696.509981165136,1026.5752,6.8919179999999995,1.1828151000000002,0,0.72082806,0.30097055,0.4198575,38.36215397791066,0.1626945057384917,25,6000.0,4.0,0.0,NOT_AVAILABLE,176.1811510455901,-21.40037027852841,66.51511527215683,-2.1952175632188364,100001,6064.0,5964.0,6200.0,0.201,0.0612,0.3121,0.1075,0.0412,0.1555,200111,1.2399708,1.1861687,1.2819011999999999,1.8730716,1.861953,1.8841901,http://geadata.esac.esa.int/data-server/datalink/links?ID=48203487411427456,,0.008164233232676801,1
57,70,20485,65.8559,15.763,1.092,0.083,692,-235,457,-771,-1463,-1228,-651,-1343,-1109,K5V,10.47,1.2309999999999999,0.009000000000000001,39.3,0.21,39.27,0.6,39.15,0.16,38.4992,0.0019,8.1,59,BY,5.64,0.69,24.442,0.319,-5.176,0.071,-289,38.0418,38.86,-819,1635721458409799680,Gaia DR2 3312025586058376704,3312025586058376704,1393295379,2015.5,65.85589474388256,0.07107263628045776,15.763008844235781,0.04311707755106007,24.086944977071372,0.08440484687739214,285.37396,125.23605164903528,0.16944629591308322,-26.82538228142786,0.14559061257084804,0.37059802,-0.044216156,-0.16878958,0.10661589999999999,-0.48553909999999995,-0.10181396,-0.16769814,0.20095320000000003,0.124643885,0.52766174,114,114,113,1,3.3243822999999995,163.71495,0.0,0.0,31,True,244.95415,1.5054336951256164,0.012359929289608666,0.059000004,13,9,0.10631619,0,17,True,148,1853043.6317315043,1465.9015563946075,1264.0983,10.018652000000001,16,710548.1948617216,2337.768571813372,303.9429,10.7224045,15,1636291.9739039806,3317.55013718035,493.223,9.227267999999999,1.2664787,0,1.4951363000000002,0.7037525,0.79138374,38.42292520920125,0.345388743182961,4,4000.0,3.0,0.0,NOT_AVAILABLE,179.57778986265808,-23.05637290953283,66.69428408731622,-5.744165216552526,100001,4371.767,4302.845,4489.99,0.20600000000000002,0.0659,0.473,0.0998,0.0324,0.198,200111,0.7210557,0.6835843,0.74434006,0.17110409,0.17035267,0.17185551,http://geadata.esac.esa.int/data-server/datalink/links?ID=3312025586058376704,,0.009841061112644406,1
58,71,20563,66.0711,18.0028,1.1320000000000001,0.076,718,-256,461,330,-388,-131,449,-268,-12,K4V,9.99,1.05,0.011000000000000001,39.95,0.16,39.12,0.6,39.0,0.16,39.4498,0.0008,7.8,111,BY,1.26,0.68,24.161,0.455,-6.674,0.127,-123,38.9886,38.88,111,1635721458409799680,Gaia DR2 3314079508140198528,3314079508140198528,18652331,2015.5,66.07108444189181,0.040680587824492624,18.002788452502564,0.021825867315419842,21.403400079114228,0.0428075449678625,499.9913,110.91624454781004,0.07801563221203098,-30.795505633484453,0.06191369959908729,0.35948884,0.4489689,-0.32353827,0.056787245,0.108362965,-0.10755623,-0.60820234,0.08154254,0.2642103,0.27957675,368,368,365,3,4.558286,495.86078,0.0,0.0,31,True,300.37796000000003,1.5133797920256913,0.005691437760828833,0.078753665,42,11,0.052524544000000006,0,44,False,379,2614046.6931490744,609.9761034725127,4285.49,9.645082,43,1127145.0905215824,1101.8740717371832,1022.9346,10.221438000000001,43,2085797.374595421,2043.1365787142527,1020.8800699999999,8.963739,1.2291068,0,1.257699,0.57635593,0.6813431,39.44363317489129,0.18026122086869292,14,4750.0,4.5,0.0,NOT_AVAILABLE,177.8585097398531,-21.46653853462269,67.26347917104505,-3.5676547213000487,100001,4773.82,4738.5547,4827.0996,0.1835,0.0792,0.3044,0.0967,0.0299,0.139,200111,0.7502694999999999,0.73379844,0.7614783,0.2633864,0.26262885,0.26414394,http://geadata.esac.esa.int/data-server/datalink/links?ID=3314079508140198528,,0.003835044851441996,1
59,74,20815,66.9,15.5891,1.038,0.039,658,-615,43,-383,-1041,-426,-256,-914,-299,F8V,7.41,0.537,0.015,39.32,0.24,39.71,0.6,39.58,0.16,39.3271,0.0026,14.3,108,BY,1.33,0.39,23.603,0.436,-5.340,0.099,-76,39.2845,39.51,-223,1635721458409799680,Gaia DR2 3312709379213017728,3312709379213017728,9192908,2015.5,66.90001675705912,0.05466082901879985,15.589088761900785,0.024303891789053556,20.924777670288858,0.06445392272994238,324.64706,104.99179772386444,0.11266648017634065,-24.068642004953237,0.06643185092999412,0.33065479999999997,0.36719167,-0.14684154,0.39458185,0.2857582,0.3170862,-0.24005784,0.23673515,0.39256599999999997,0.041197915,366,366,363,3,15.61015,957.925,0.0,0.0,31,True,109.77991000000002,1.6410829638381754,0.007085880693489255,0.08155153,41,12,0.06478551,0,43,True,363,23218643.28964369,5280.597563272201,4396.9727,7.2737737000000005,37,12988504.918586135,10945.218403956216,1186.683,7.567489999999999,35,14378385.070043875,16585.921555854613,866.903,6.8676449999999996,1.1786602,0,0.6998453,0.29371643,0.40612888,39.39446072631753,0.15684136340961485,16,6250.0,4.5,0.0,NOT_AVAILABLE,180.41176150800274,-22.38621672771155,67.66386543255359,-6.076923507571025,100001,6148.3335,6068.6665,6193.75,0.2203,0.122,0.32,0.111,0.0553,0.1621,200111,1.2654976999999998,1.2470068,1.2989416,2.0618024,2.0535636000000004,2.0700412,http://geadata.esac.esa.int/data-server/datalink/links?ID=3312709379213017728,,0.00758630435112431,1
60,75,20899,67.2017,17.2853,1.068,0.057999999999999996,677,-567,109,-445,-1122,-555,-323,-1000,-432,G2V,7.83,0.609,0.01,39.99,0.16,39.65,0.6,39.53,0.16,39.2047,0.0013,11.2,137,BY,0.63,0.52,23.815,0.306,-6.225,0.080,-115,39.0954,39.41,-317,1635721458409799680,Gaia DR2 3314109916508904064,3314109916508904064,1039044294,2015.5,67.2017334200264,0.04535117373532867,17.285345827845028,0.021464687610748705,21.43102453486021,0.04704939896635623,455.5005,108.76248918780423,0.09925430562181993,-28.46047833249275,0.060544562783951074,0.062019200000000003,0.22468393,-0.37116209999999994,0.234171,-0.05521990400000001,0.14229955,-0.42152083,0.07565161599999999,0.29201722,-0.068198584,300,300,294,6,9.720112,590.25964,0.0,0.0,31,True,75.83964499999999,1.6317317047580735,0.0075043233625373545,0.0204609,34,11,0.062317066,0,38,False,307,15885773.415980738,12798.563477864875,1241.2153,7.685845,33,8594345.830663912,26097.17298634713,329.32095,8.015856,31,10184274.536665047,21314.50210427269,477.80962999999997,7.2420945,1.1821030000000001,0,0.7737613,0.33001090000000005,0.44375038,39.032410296066985,0.1521251488953069,19,6000.0,4.0,0.25,NOT_AVAILABLE,179.1888117945184,-21.09366458278013,68.2162663980017,-4.44644361526978,100001,5903.5,5887.5,5955.0,0.0753,0.0105,0.2423,0.043,0.0066,0.099,200111,1.1134403999999998,1.0942651,1.1195004,1.3566471000000002,1.3523471000000002,1.3609471000000002,http://geadata.esac.esa.int/data-server/datalink/links?ID=3314109916508904064,,0.0017760914675424718,1
61,76,20951,67.3822,17.893,1.129,0.079,715,-318,397,292,-423,-105,416,-300,19,K0V,8.95,0.831,0.003,40.7,0.06,39.65,0.6,39.53,0.16,39.9421,0.001,7.6,82,BY,1.47,0.44,23.227,0.255,-7.097,0.080,-140,39.5451,39.39,159,1635721458409799680,Gaia DR2 3314213025787054592,3314213025787054592,498549002,2015.5,67.38218032682572,0.044448179264738964,17.893041427408473,0.020904975048083755,21.839417780702387,0.05087184658369588,429.30264000000005,107.7119022712368,0.09312620199446477,-33.028502342706744,0.05856973647938234,0.12311198599999999,0.38953725,-0.152331,0.25878996,-0.07231334,0.15372773,-0.3595939,-0.005029309,0.37156809999999996,-0.05612067,276,276,272,4,4.955061,397.78186,0.0,0.0,31,True,237.53277999999997,1.5791209712160588,0.007685491752946669,-0.0043959124,31,12,0.056207247,0,31,True,272,6066524.064050276,2734.818826507194,2218.2544,8.731016,30,2984900.5952063836,3885.265708695693,768.26166,9.164063,30,4322573.275507064,4956.311873126244,872.1351,8.1725645,1.2045569999999999,0,0.99149895,0.43304729999999997,0.55845165,39.48329890802687,0.1136502427680242,4,5250.0,4.5,0.0,NOT_AVAILABLE,178.80155605345618,-20.5760863901048,68.48048451307875,-3.8724768251526336,100001,5342.0,5255.5,5384.0,0.1253,0.025,0.235,0.068,0.012,0.1113,200111,0.8444014999999999,0.8312787,0.87242615,0.52312833,0.5214446,0.52481204,http://geadata.esac.esa.int/data-server/datalink/links?ID=3314213025787054592,,0.003300864826699723,1
62,77,21317,68.6476,15.5045,1.0759999999999998,0.066,682,-523,159,59,-623,-100,177,-505,18,G1V,7.9,0.631,0.013999999999999999,40.78,0.16,40.38,0.6,40.26,0.16,40.4391,0.0012,9.9,120,BY,2.02,0.22,22.045,0.245,-5.830,0.066,-126,40.2799,40.14,144,1635721458409799680,Gaia DR2 3312575685471393664,3312575685471393664,1005038268,2015.5,68.64757642161557,0.04841521262353304,15.504507544243062,0.02450902619012877,21.576473558984336,0.05093390123523426,423.61713,100.86662706726386,0.11284205447814535,-26.860635017063643,0.06554168884354197,-0.091358304,0.16058227,-0.30582443,0.28525445,-0.111267075,0.25227913,-0.42991707,0.033544447000000005,0.28100790000000003,-0.2317313,246,246,242,4,7.955366000000001,454.78824000000003,0.0,0.0,31,True,82.15666999999999,1.6269844838203344,0.008568639352476969,-0.05930397,28,12,0.069706134,0,28,False,242,14667016.018806415,6139.430430002701,2388.9863,7.7725115,28,7879731.745942644,8468.728819306538,930.4504,8.110109,25,9505698.51857322,11268.191211972127,843.5869,7.316960000000001,1.1853420000000001,0,0.7931495,0.33759785,0.45555162,40.261661567348696,0.1399951998767274,15,6000.0,4.0,0.25,NOT_AVAILABLE,181.60823553631496,-21.118598906624037,69.32514666651171,-6.415357496398945,100001,5852.0,5833.5,5871.25,0.0743,0.017,0.19,0.0367,0.0096,0.077,200111,1.0828413000000001,1.0757523,1.0897202,1.2389151000000003,1.2348816,1.2429485,http://geadata.esac.esa.int/data-server/datalink/links?ID=3312575685471393664,,0.006941222659744462,1
