,id,hip,ra,dec,m/r,e_m/r,gr,c,gr+c,drv_m02,drv_m02_gr,drv_m02_gr+c,drv_g17,drv_g17_gr,drv_g17_gr+c,sptype,vmag,(b-v),e_(b-v),rv_p98,erv_p98,rv_m02,erv_m02,rv_g17,erv_g17,rv_harps,erv_harps,fwhm,s/n,flag,|r-rc|,e|r-rc|,v_alpha,ev_alpha,v_delta,ev_delta,cr,rv_harps_gr+c,rv_g17_cr,drv_g17_gr+c+cr,gaia_source_id,gaia_ra,gaia_dec,radial_velocity,radial_velocity_error,radial_velocity_source,parallax_gaia,parallax_gaia_error,pmra_gaia,pmdec_gaia,pmra_gaia_error,pmdec_gaia_error,pmra_pmdec_gaia,pmra_hg,pmdec_hg,pmra_hg_error,pmdec_hg_error,pmra_pmdec_hg,pmra_hip,pmdec_hip,pmra_hip_error,pmdec_hip_error,pmra_pmdec_hip,epoch_ra_gaia,epoch_dec_gaia,epoch_ra_hip,epoch_dec_hip,crosscal_pmra_hip,crosscal_pmdec_hip,crosscal_pmra_hg,crosscal_pmdec_hg,nonlinear_dpmra,nonlinear_dpmdec
0,2,16529,53.2094,23.692,1.13,0.040999999999999995,716,-340,377,-383,-1100,-760,-255,-972,-632,G5,8.88,0.8440000000000001,0.0,32.72,0.17,32.47,0.59,32.34,0.14,32.0867,0.0007,7.5,116,0,12.08,0.36,32.317,0.354,-7.852,0.086,-216,31.7098,32.13,-416,68001499939741440,53.209436273272864,23.69201652157349,31.68962,0.13477878,b'Gaia_DR2',23.77081,0.055155504,162.18665,-39.49104,0.21125937,0.12249963,-0.14554887,162.22113,-39.467068,0.040795326,0.023798741,0.21743356,161.24895,-40.926918,1.3792812,1.1738803,0.37076506,2015.7359239048074,2015.5573560013668,1991.2527704664462,1991.2602860862467,0.19594221,-0.18792737,0.029039508,-0.01893896,-0.0032257645,5.850104e-05
1,4,18327,58.7777,16.9984,1.135,0.046,720,-318,402,391,-329,-11,523,-197,121,K2,8.99,0.895,0.001,36.79,0.13,36.03,0.59,35.9,0.15,36.4212,0.001,8.5,97,0,8.51,0.43,28.400,0.266,-4.712,0.046,-287,36.0192,35.61,408,43538293935879680,58.77775243428856,16.99837385237217,36.403458,0.17503466,b'Gaia_DR2',24.400011,0.041648142,147.81834,-24.483923,0.17465456,0.08771203,-0.17320372,147.53876,-24.560215,0.045847308,0.027592855,0.18334365,148.42322,-24.716814,1.4910135,1.0688543,0.14415829,2015.470911477936,2015.2686099211046,1991.2879488659278,1991.1898330805584,0.110334404,0.35960546,-0.0165723,-0.046980746,-0.0033062547,0.00014767623
2,5,19098,61.415,17.9378,1.135,0.077,719,-327,392,-341,-1061,-733,-214,-934,-606,K2,9.31,0.89,0.008,37.61,0.05,37.16,0.59,37.03,0.16,36.819,0.0007,8.3,98,0,--,--,--,--,--,--,34,36.4267,37.07,-640,47019347749289216,61.41590006357857,17.93759517735854,36.571644,0.21398315,b'Gaia_DR2',21.831257,0.040940784,128.30138,-27.374945,0.16938612,0.07274927,0.09422317,128.32298,-27.392162,0.045885943,0.032256134,0.024484701,127.22572,-28.433146,1.4794055,1.0770639,-0.0035800878,2015.6839828763027,2015.3256526888472,1991.4355814900382,1991.3567647440027,0.3575539,0.0998595,-0.0027858466,-0.062448133,-0.002607475,0.0002251328
3,6,19148,61.5677,15.698,1.061,0.07,672,-563,109,142,-530,33,269,-404,160,G0,7.85,0.593,0.005,38.04,0.17,37.44,0.59,37.31,0.16,37.5821,0.0009,10.7,131,0,4.28,0.36,26.418,0.293,-4.357,0.050,-87,37.473,37.23,247,45367056650753280,61.56773534424086,15.698036388532133,37.545406,0.15147176,b'Gaia_DR2',21.026073,0.043131996,118.91205,-19.77565,0.15827793,0.08690772,0.12775452,118.91607,-19.694838,0.03926073,0.0294581,0.11191647,118.84081,-19.822676,1.0720472,0.77687144,0.016851513,2015.629080483323,2015.3530848024866,1991.2860013271666,1991.3116085366814,0.21678664,0.27966163,-0.013710408,-0.058199383,-0.0023760656,0.00014946354
4,8,19781,63.6073,14.625,1.097,0.061,696,-449,246,-249,-945,-495,-121,-816,-367,G5V,8.45,0.693,0.011000000000000001,39.24,0.06,38.43,0.6,38.3,0.16,38.1808,0.0013,9.3,97,0,3.79,0.40,24.700,0.331,-3.758,0.052,-28,37.9347,38.27,-339,3311514210073309056,63.60735993622832,14.624972573975004,38.04333,0.18119963,b'Gaia_DR2',20.331196,0.055454753,107.813934,-14.015484,0.20332201,0.13919358,0.12535103,107.12153,-16.411987,0.04395576,0.03177002,0.09135263,106.39357,-19.467855,1.3100057,0.97064036,0.09764013,2015.6380542203983,2015.5793264338831,1991.1356398174585,1991.1735261498056,0.24875891,0.20599967,-0.0064007416,-0.06819606,-0.0021034495,0.00013834494
5,9,19796,63.6436,10.7014,1.028,0.052000000000000005,651,-573,79,-368,-1020,-447,-236,-888,-315,F8V,7.11,0.514,0.008,38.5,0.15,38.65,0.6,38.52,0.16,38.2816,0.0042,22.6,130,0,5.90,0.44,25.552,0.275,-1.179,0.016,-152,38.2029,38.37,-163,3300934223858467072,63.643613587282886,10.701362700987037,38.665264,0.2951114,b'Gaia_DR2',22.293633,0.04435088,119.70806,-5.77462,0.14868869,0.14132918,0.3676057,119.515915,-5.6125684,0.026853219,0.022903295,0.24634805,118.97622,-6.5243793,0.8872955,0.81654876,0.40608615,2015.570554766755,2015.5588321878643,1991.2554056005376,1991.283666010496,-0.23782042,0.14612612,-0.03074092,-0.04928956,-0.0025698615,-3.9875882e-05
6,10,20146,64.7839,17.5246,1.1059999999999999,0.048,701,-451,250,-574,-1275,-823,-447,-1147,-696,G8V,8.47,0.721,0.016,38.8,0.08,38.66,0.6,38.53,0.16,38.0862,0.001,9.3,124,0,1.74,0.20,25.318,0.313,-6.221,0.078,-77,37.8365,38.46,-619,47345009348203392,64.78388367320153,17.524633354332344,37.847355,0.29086667,b'Gaia_DR2',21.294811,0.058743026,113.00135,-28.053265,0.21577431,0.14927226,0.038520847,113.09266,-27.907724,0.036570773,0.028003523,0.103576034,113.282,-29.413834,1.2229015,0.93367547,0.09487405,2015.6980881161667,2015.6301881635593,1991.208749858331,1991.0498899112974,-0.0024396898,0.14899586,0.014681226,-0.07831217,-0.0023414558,0.00032323407
7,11,20205,64.9481,15.6277,0.248,0.015,155,-566,-412,-362,-516,50,-241,-396,170,G8III,3.65,0.981,0.012,39.28,0.11,38.91,0.6,38.79,0.16,38.5485,0.0007,8.5,116,0,--,--,--,--,--,--,-78,38.9601,38.71,248,3312052249216467328,64.9488724964542,15.627540664408937,38.56,0.09,b'XHIP',22.62342,0.46139997,113.157974,-25.269867,1.6720622,1.312468,-0.13961545,115.942406,-23.667805,0.034251682,0.028886892,0.098160796,116.096436,-22.94187,0.7451721,0.6263713,0.4956742,2015.604860431551,2015.5788189165469,1991.185055599377,1991.285515556057,0.11143482,0.3068862,0.0040088543,-0.07302874,-0.0025711274,0.00028995003
8,12,20480,65.8435,21.3789,1.115,0.05,707,-389,318,171,-535,-146,289,-418,-29,G9V,8.84,0.758,0.003,39.24,0.24,38.56,0.6,38.44,0.16,38.7314,0.0009,8.2,105,0,4.77,0.56,23.418,0.293,-8.940,0.113,9,38.4138,38.45,-37,145325548516513280,65.84350578649652,21.378932643206007,38.656326,0.24944207,b'Gaia_DR2',19.88164,0.04619765,99.539314,-37.977623,0.20949239,0.12627819,-0.27029,99.38635,-38.014133,0.047986295,0.03028308,0.3211101,99.157196,-38.42961,1.3692983,1.054294,0.35672155,2015.6577044105481,2015.6924176205555,1991.4751837181013,1991.1946271717086,-0.27197942,0.13004644,0.018589795,-0.07417913,-0.0019751994,0.0005009816
9,13,20492,65.8852,14.6704,1.1320000000000001,0.064,717,-340,378,128,-590,-250,252,-465,-126,K1V,9.11,0.855,0.018000000000000002,40.29,0.06,39.38,0.6,39.26,0.16,39.5077,0.001,8.4,100,0,2.11,0.40,24.018,0.274,-3.949,0.051,-109,39.1299,39.15,-16,3311148828615843328,65.88521228172581,14.67040052281586,39.317276,0.26096046,b'Gaia_DR2',21.465626,0.06288036,109.35191,-17.980701,0.31709743,0.14041667,-0.31052905,109.27112,-18.041344,0.06047494,0.04465152,0.1370009,106.59089,-17.770466,1.9461173,1.4335331,0.30428433,2015.6290321061126,2015.5810679638823,1991.236115764239,1991.231156669223,0.22057945,0.65614474,0.0007476021,-0.07079861,-0.0023309533,0.00019317401
10,14,20557,66.0613,21.7361,1.03,0.040999999999999995,652,-602,51,-316,-969,-367,-196,-849,-247,F8V,7.13,0.518,0.013999999999999999,38.94,0.13,38.59,0.6,38.47,0.16,38.2739,0.0038,17.2,102,0,5.41,0.49,23.819,0.328,-9.294,0.128,-230,38.2231,38.24,-17,145373377272257664,66.06127599459201,21.736045837038468,38.336655,0.15721348,b'Gaia_DR2',23.107828,0.038553182,117.530975,-45.805935,0.1663188,0.12582576,0.4296862,117.35542,-45.88259,0.03569228,0.021723244,0.23440126,118.19485,-46.229736,1.1982715,0.7690487,0.034244187,2015.7304762235701,2015.7154438739303,1991.5200139098356,1991.1843428527432,-0.31418416,0.11754219,0.018801102,-0.07367581,-0.0026994166,0.00069167075
11,16,20826,66.9424,11.7364,1.047,0.039,663,-615,48,-296,-960,-345,-171,-834,-219,F8,7.49,0.56,0.006999999999999999,40.22,0.21,39.99,0.6,39.86,0.17,39.6935,0.002,13.6,127,0,4.34,0.30,24.105,0.274,-2.733,0.032,-116,39.6453,39.75,-103,3306922958753764992,66.94246373260984,11.736365175947268,39.09252,0.1753567,b'Gaia_DR2',22.023048,0.037954424,110.08489,-12.426956,0.123164795,0.082479715,0.065201476,110.0017,-12.524463,0.03526855,0.021843264,0.2828849,110.1964,-11.553879,1.1598486,0.82321846,0.35109827,2015.5733877587813,2015.5898507794184,1991.3323337400293,1991.0802695959128,-0.3661392,-0.004067154,-0.017396765,-0.056932535,-0.0023649205,0.00011963961
12,17,20850,67.0189,13.8679,1.13,0.055999999999999994,716,-345,371,404,-312,33,523,-193,152,K0V,9.02,0.8390000000000001,0.006999999999999999,40.94,0.08,39.89,0.6,39.77,0.16,40.2936,0.0009,8.0,98,0,2.86,0.23,23.240,0.265,-4.312,0.052,-56,39.9226,39.71,208,3307844864893938304,67.01892873015353,13.867855845042314,40.37883,0.18419367,b'Gaia_DR2',20.76172,0.06538955,102.17749,-19.142164,0.31394428,0.13512175,-0.40809488,102.371796,-19.070488,0.055353727,0.02901829,0.23743743,106.545044,-16.927525,1.7435915,1.0585485,0.020459639,2015.5760428407384,2015.679360967814,1991.083998210679,1991.0048333610398,-0.017764919,0.44764706,-0.0038022145,-0.065343834,-0.0021782203,0.00024727892
13,18,20889,67.1539,19.1805,0.22,0.013000000000000001,137,-562,-425,-955,-1092,-530,-838,-975,-413,K0III,3.53,1.014,0.006,39.37,0.06,39.39,0.6,39.27,0.16,38.4354,0.0004,9.0,199,0,--,--,--,--,--,--,-68,38.8603,39.21,-345,48026706557926528,67.15466225417725,19.180276642566486,38.43,0.08,b'XHIP',20.312962,0.426069,107.50304,-38.066074,1.757597,1.1880567,-0.05223322,107.79907,-36.14376,0.031227583,0.022579247,0.21524952,106.55558,-36.94932,0.7064539,0.5778399,0.47117156,2015.6569774494137,2015.6451703647458,1991.2504703094796,1991.1032669337255,0.1552636,0.57347316,0.020855218,-0.0747981,-0.0021800068,0.00046629398
14,19,20949,67.3786,26.6713,1.117,0.051,708,-392,315,577,-131,262,689,-18,374,G5,9.19,0.7659999999999999,0.002,39.02,0.17,38.12,0.59,38.01,0.15,38.6972,0.0011,7.5,76,0,13.27,1.46,22.297,0.514,-13.055,0.301,252,38.3817,38.26,122,151379150300399360,67.37859594442753,26.67133560031893,39.002033,0.37322402,b'Gaia_DR2',17.156523,0.06305973,82.80699,-48.28471,0.2898388,0.15076417,-0.2231979,82.81502,-48.56001,0.0469281,0.033573397,0.29843378,81.429955,-48.465176,1.470032,1.079986,0.19801864,2015.737161313151,2015.8154558656133,1991.2174876547192,1990.9873640675878,0.03501432,0.2699581,0.03496068,-0.06838633,-0.0015088299,0.0006167141
15,20,20978,67.491,16.6727,1.133,0.038,718,-313,406,461,-257,55,584,-134,179,K1V,9.08,0.865,0.013000000000000001,40.97,0.06,39.83,0.6,39.71,0.16,40.2908,0.0017,8.6,59,0,2.13,0.59,22.631,0.258,-5.991,0.070,-170,39.8852,39.54,349,3312951748510907648,67.49101608543475,16.67271792634278,40.13887,0.22677344,b'Gaia_DR2',21.897009,0.039147932,106.624695,-28.406647,0.13933402,0.08820567,-0.004182773,106.83578,-28.36261,0.047343485,0.030467236,0.11820151,105.5272,-28.102032,1.4261777,1.0043592,0.070488214,2015.597151403671,2015.5859091687491,1991.1623423298909,1991.0591250233203,-0.11076166,0.25753832,0.01117007,-0.070195034,-0.0023998374,0.00042053364
16,21,21099,67.8159,20.133,1.109,0.064,703,-413,290,321,-382,30,442,-261,151,G8V,8.59,0.7340000000000001,0.013999999999999999,40.62,0.08,39.51,0.6,39.39,0.16,39.8309,0.0009,8.4,109,0,2.70,0.19,23.244,0.252,-8.575,0.094,-120,39.5405,39.27,271,144171233106399104,67.81588525260094,20.132998153769584,39.764793,0.15170254,b'Gaia_DR2',21.619135,0.046591133,106.435905,-39.3245,0.17239597,0.107262045,0.11952077,106.53462,-39.302784,0.048954614,0.02995168,0.25147143,99.94963,-43.06945,1.5894574,1.079741,0.29733866,2015.6399495723717,2015.6719115465348,1991.5362814126684,1991.2804417104312,-0.3194524,0.22635907,0.022612484,-0.07247478,-0.0023466449,0.00059535855
17,22,21741,70.0247,23.3044,1.125,0.059000000000000004,713,-391,322,486,-227,164,599,-115,277,K0V,9.4,0.8109999999999999,0.0,41.34,0.16,39.75,0.6,39.64,0.16,40.2362,0.0013,8.9,84,0,13.91,1.04,21.206,0.286,-10.789,0.146,345,39.9141,39.98,-69,146698078328904064,70.02470714164066,23.304377648137542,39.86046,0.5348818,b'Gaia_DR2',16.658764,0.046183303,75.68363,-38.355057,0.16141178,0.09118347,-0.16006894,75.688446,-38.593105,0.049203217,0.032458335,0.24421386,73.63826,-39.299534,1.4808644,1.0035715,0.3395958,2015.7259153071814,2015.7555524956624,1991.3091467563904,1991.1929473605464,-0.2417199,0.1225008,0.041115113,-0.072124705,-0.0013286113,0.00049576134
18,23,22380,72.2651,18.6411,1.129,0.043,716,-355,360,496,-220,136,608,-108,247,F5,8.98,0.833,0.003,41.62,0.15,41.27,0.6,41.16,0.17,41.766,0.001,8.4,95,0,4.73,0.22,18.475,0.219,-8.153,0.098,-173,41.4057,40.99,421,3406823245223942528,72.26508376145367,18.641073876614985,41.625237,0.13193358,b'Gaia_DR2',21.867182,0.042076703,89.201164,-39.093456,0.13556401,0.07899314,-0.10131404,87.03595,-38.536343,0.048174486,0.03770491,0.39383546,82.436646,-40.306274,1.520813,1.3225696,0.6600437,2015.6786020191216,2015.9665517354263,1991.078260984211,1990.7962641556267,-0.33160633,-0.19767818,0.022151463,-0.054690402,-0.00205995,0.0007457952
19,24,22422,72.3842,15.8886,1.054,0.053,668,-623,45,-127,-795,-172,-11,-680,-56,F8,7.72,0.578,0.009000000000000001,42.04,0.14,41.65,0.6,41.53,0.17,41.523,0.0015,9.6,96,0,4.63,0.34,19.695,0.227,-5.790,0.068,-58,41.4782,41.48,2,3405113740864365440,72.38424596671265,15.88863002704543,41.368366,0.13918477,b'Gaia_DR2',20.587385,0.05544416,86.73039,-25.497717,0.13910104,0.087868616,-0.11762198,86.7293,-25.58178,0.030859254,0.022417067,0.249658,86.32277,-24.398579,0.9400147,0.7484598,0.50471646,2015.6470816438948,2015.9377261056459,1991.2186779398914,1990.986701592694,-0.41552588,-0.23485638,0.010936806,-0.05438438,-0.0018823922,0.00042528953
20,25,22566,72.847,15.4334,1.034,0.048,655,-617,38,618,-37,580,736,81,698,F8,7.9,0.527,0.008,42.92,0.19,41.85,0.6,41.73,0.17,42.4678,0.0025,15.2,126,0,15.10,1.31,18.970,0.323,-5.244,0.090,426,42.4295,42.16,272,3404850790082434176,72.84702802662211,15.433384045414604,42.326366,0.15806197,b'Gaia_DR2',16.215897,0.057705462,65.83888,-18.291103,0.19378266,0.09970453,-0.46649963,65.832886,-18.249826,0.03373543,0.02259471,0.30024117,67.40122,-17.23044,0.9888464,0.7150066,0.50563544,2015.7699123112034,2015.9606451496402,1991.3788510262693,1991.1670219929638,-0.4272183,-0.31085476,0.010020247,-0.05341166,-0.0011464843,0.0002447877
21,26,23069,74.4566,14.0021,1.11,0.06,703,-396,308,484,-219,177,595,-109,287,G5,8.89,0.737,0.001,43.68,0.16,42.48,0.6,42.37,0.17,42.9643,0.0009,7.6,100,0,10.45,0.80,18.037,0.251,-4.664,0.068,193,42.6568,42.56,94,3392446821452424192,74.45658373676308,14.002109915607099,42.413628,0.29076803,b'Gaia_DR2',18.31401,0.049679168,69.82588,-18.010885,0.12648334,0.07895025,-0.18996498,69.7605,-18.121037,0.049422402,0.035213634,0.27594098,68.971825,-18.71767,1.4078592,1.0229704,0.5160211,2015.5434655026313,2015.8678477105693,1990.9960589601892,1990.6140503945612,-0.3121461,-0.37200865,0.009181541,-0.051264122,-0.001378847,0.00028822728
22,27,23498,75.7822,13.7306,1.1159999999999999,0.063,708,-408,299,302,-405,3,417,-291,117,K0,9.0,0.765,0.002,43.51,0.19,42.9,0.6,42.79,0.17,43.2023,0.0012,8.9,93,0,10.26,0.75,16.694,0.253,-4.544,0.070,142,42.9031,42.93,-25,3391712038447198080,75.7822034410859,13.730590462626502,42.37107,0.34062493,b'Gaia_DR2',18.600252,0.057776354,66.20208,-18.016245,0.1737035,0.10175155,-0.13399316,66.2484,-18.083454,0.049365968,0.029155456,0.13085432,65.88424,-18.582336,1.4227254,0.81982344,0.26872367,2015.627717349592,2015.8969577343853,1991.157748482281,1990.7487549268108,-0.28465155,-0.22754373,0.014508509,-0.05090293,-0.0013236037,0.00030015843
23,28,23750,76.5752,17.8163,1.1079999999999999,0.078,702,-438,264,215,-487,-49,324,-378,60,K0,8.82,0.73,0.015,42.31,0.18,42.67,0.6,42.56,0.17,42.8852,0.0012,9.4,101,0,10.35,0.86,16.268,0.246,-7.864,0.119,143,42.6213,42.7,-83,3407121831350730112,76.57524955040142,17.816278827297783,42.589573,0.2653451,b'Gaia_DR2',18.604486,0.052479494,64.451584,-31.28317,0.13407774,0.092939876,-0.15723751,64.518555,-31.288658,0.041871592,0.026831692,0.20886998,63.506638,-32.426086,1.2240777,0.7370135,0.38650838,2015.661637469483,2015.8436012898246,1991.117711787435,1990.7850087609554,-0.3549711,-0.24676436,0.036790445,-0.054319125,-0.0013209607,0.00055306416
24,29,24923,80.1062,11.6098,1.1159999999999999,0.063,708,-410,297,406,-301,109,506,-201,209,K0,9.03,0.765,0.028999999999999998,43.7,0.23,44.17,0.6,44.07,0.17,44.5765,0.0011,9.1,107,0,14.92,0.73,13.646,0.218,-3.556,0.059,226,44.2791,44.3,-17,3387381646261643776,80.10616243753972,11.609757883008385,44.200138,0.6461018,b'Gaia_DR2',17.799408,0.04862707,52.25529,-13.987404,0.16455954,0.123424195,-0.20110035,52.18332,-13.680747,0.046884034,0.035837565,0.18593147,50.301086,-13.914986,1.2681937,0.9771599,0.43615693,2015.6776449872627,2015.7644669782244,1991.0717535744566,1990.758098644687,0.016299149,0.0032461106,0.021141984,-0.054523073,-0.0010413815,0.00024026803
25,31,15300,49.3461,26.3148,1.016,0.077,644,-289,355,-719,-1362,-1074,-589,-1233,-944,M0,11.11,1.4080000000000001,0.006999999999999999,29.84,0.29,30.06,0.58,29.93,0.13,29.3413,0.0031,7.5,45,1,16.29,0.33,33.491,0.325,-8.819,0.092,-311,28.9863,29.62,-633,118234509720825856,49.34616220910208,26.314819586074673,29.8,0.4,b'XHIP',26.419441,0.046593856,186.1525,-48.498165,0.15427025,0.116799824,0.26883096,186.49144,-49.068108,0.1545622,0.11484883,0.21618727,182.3898,-49.41794,4.2683134,3.7371953,0.38298666,2015.5116716264345,2015.406329102642,1991.4223612190278,1991.5245580276514,0.14911677,0.031918243,0.048215754,-0.0033481435,-0.0038803834,-5.178321e-05
26,32,15563,50.1226,8.4545,1.119,0.033,709,-236,473,-674,-1383,-1147,-532,-1241,-1005,K7V:,9.65,1.13,0.015,30.45,0.26,31.72,0.58,31.58,0.15,31.0463,0.0006,8.2,99,1,19.52,0.25,33.905,0.254,0.887,0.017,-508,30.5732,31.07,-497,11037726649058432,50.12263230820481,8.454476486593006,31.079435,0.37866047,b'Gaia_DR2',31.475653,0.041389078,226.32365,6.177788,0.11551447,0.10526515,0.33675635,226.36227,5.895786,0.05235146,0.041622348,0.3978451,229.23721,5.3571463,1.7650603,1.5556062,0.3502951,2015.5124654767594,2015.3861603030855,1991.2775578055412,1991.4778339596542,0.30688986,0.10628692,-0.0069055706,0.009836552,-0.0054768072,-0.0005822255
27,33,15720,50.6183,27.1558,1.003,0.08,636,-286,350,-645,-1281,-995,-516,-1152,-866,--,11.03,1.431,0.004,28.9,0.45,30.6,0.58,30.47,0.13,29.9547,0.0023,7.2,59,1,19.47,0.27,32.938,0.271,-9.616,0.082,-494,29.6048,29.98,-373,117654650480415744,50.61832553715862,27.155776228477507,30.000668,0.2655433,b'Gaia_DR2',31.501509,0.04250643,220.95326,-64.3746,0.13128997,0.11164316,0.31522155,220.93599,-64.42412,0.095326826,0.069578566,0.15096787,220.39333,-63.89721,3.2404401,2.5195665,0.12531865,2015.6063818888372,2015.4683149967545,1991.3114290169888,1991.3098067167462,0.23103963,-0.05601877,0.057842977,-0.007868833,-0.0056163166,3.8505354e-05
28,35,17766,57.0502,7.1463,1.0490000000000002,0.05,665,-243,422,-557,-1222,-980,-421,-1086,-843,M1,10.85,1.34,0.015,35.4,0.25,35.51,0.59,35.37,0.16,34.9527,0.0022,7.4,53,1,14.22,0.38,30.414,0.280,1.127,0.021,-411,34.5303,34.96,-432,3277270538903180160,57.050199842614,7.146271185631576,34.984142,0.24320398,b'Gaia_DR2',27.375698,0.044936664,175.59586,6.496385,0.13460968,0.111940496,0.34783635,175.51099,6.468241,0.07982014,0.047523934,0.009507897,175.29597,5.4893804,2.8944657,1.8203053,-0.11038144,2015.6322456884543,2015.3189260973866,1991.300434792023,1991.2822792513323,0.46070048,0.3397219,-0.052254777,-0.022898223,-0.004175514,-0.00037798888
29,36,18018,57.7637,23.9035,1.112,0.087,705,-229,476,-118,-823,-593,4,-701,-471,K7,10.17,1.16,0.04,35.3,0.12,34.67,0.59,34.55,0.15,34.5523,0.001,7.6,85,1,10.26,0.42,29.452,0.348,-9.288,0.111,-271,34.0768,34.28,-200,66482352830035840,57.76369953423537,23.903446147676586,34.156555,0.38504496,b'Gaia_DR2',24.464834,0.045255177,152.59885,-48.04336,0.19655791,0.10322859,0.19434312,152.57938,-48.149094,0.11848864,0.07218375,0.17112836,149.87947,-47.38802,3.586338,2.8904576,0.29286173,2015.539456840273,2015.3268373118692,1991.2183039084837,1991.1513354780768,0.17314564,-0.35354397,0.004059122,-0.03792331,-0.0033630247,0.00038932916
30,37,18322,58.7566,12.4855,1.129,0.055999999999999994,716,-236,480,-75,-791,-554,63,-652,-416,M0,10.12,1.07,0.015,37.18,0.22,36.32,0.59,36.18,0.16,36.2453,0.0008,8.1,89,1,7.37,0.45,28.505,0.318,-2.228,0.030,-118,35.7658,36.06,-298,38354680725946240,58.75658870047371,12.485542654269704,36.31598,0.2038665,b'Gaia_DR2',21.722248,0.04078364,131.22755,-10.229084,0.13690475,0.10019282,0.4277511,131.21939,-10.314933,0.065534264,0.035862237,0.15715107,128.66434,-10.211045,2.1234107,1.5343727,0.021648524,2015.6221267975038,2015.3305335056284,1991.2211250566086,1991.1852546029827,0.18632603,0.19966513,-0.052783865,-0.029839823,-0.002601866,-2.2993245e-05
31,38,18946,60.9132,19.4549,1.126,0.079,713,-236,478,-663,-1377,-1141,-535,-1249,-1013,K5,10.12,1.095,0.11900000000000001,36.93,0.26,36.76,0.59,36.63,0.15,36.0967,0.0008,7.8,107,1,5.20,0.19,27.761,0.353,-7.594,0.100,-50,35.6188,36.58,-963,50327297200978176,60.91322711618322,19.454871719493443,35.720737,0.36205742,b'Gaia_DR2',20.817186,0.0466179,121.84414,-33.264336,0.21009333,0.08701733,0.26004213,122.24529,-33.458534,0.081607565,0.05990164,0.13459055,119.74964,-34.34371,2.5511978,2.0090415,0.12448439,2015.5188408986744,2015.1968333721154,1991.1701121628194,1991.2214313045877,0.1344835,0.08569201,-0.0018418189,-0.060577888,-0.0023487103,0.00030213155
32,39,19082,61.3575,19.442,1.046,0.11800000000000001,663,-230,433,510,-153,77,637,-26,204,--,11.41,1.347,0.005,38.33,0.22,36.96,0.59,36.83,0.15,37.4701,0.0028,7.6,46,1,4.76,0.25,27.399,0.474,-7.328,0.131,-69,37.0375,36.76,274,50298125783225088,61.35752031085502,19.442013308504592,37.573433,0.2594881,b'Gaia_DR2',21.143917,0.05165282,122.063805,-32.656174,0.16301866,0.09155668,0.2744428,121.95265,-32.702103,0.123923115,0.08860404,0.116157405,120.53096,-29.158411,3.7682083,2.6741436,0.02715809,2015.5714947335669,2015.262987319557,1991.2653795132069,1991.3072557958053,0.09444321,0.06377097,0.0001640935,-0.06272749,-0.0024910949,0.00033041456
33,40,19207,61.7556,15.3349,1.107,0.055999999999999994,702,-234,467,556,-146,89,689,-13,221,K5,10.49,1.18,0.015,38.95,0.23,37.56,0.59,37.43,0.16,38.1161,0.0016,8.1,64,1,4.61,0.57,26.401,0.331,-4.203,0.057,-160,37.6487,37.27,381,45159901786525568,61.7556670526206,15.334943956205311,38.120842,0.42891783,b'Gaia_DR2',22.180431,0.11881009,124.7893,-19.967407,0.28307715,0.18764481,0.3556184,124.53557,-19.904814,0.07080081,0.050020427,0.18164454,125.00226,-19.620348,2.0366955,1.4793735,0.1923853,2015.6124713592085,2015.5346682774489,1991.3385505864946,1991.3145747365893,0.2685712,0.22890295,-0.014868393,-0.058349237,-0.0026541986,0.00016589143
34,41,19263,61.9305,16.5187,1.136,0.065,720,-260,460,473,-247,13,598,-122,138,K0,9.94,1.005,0.012,38.72,0.05,37.53,0.59,37.41,0.16,38.0033,0.0008,7.8,105,1,3.99,0.43,26.433,0.297,-5.390,0.065,-131,37.5431,37.27,268,45567511362945152,61.93054604389666,16.518682708038373,37.645638,0.2923807,b'Gaia_DR2',21.47684,0.0509957,122.39955,-24.99597,0.18292138,0.15088911,0.24460973,122.314445,-25.003897,0.062421236,0.047262706,0.20527169,123.40562,-25.5071,1.7939174,1.3066653,0.056214467,2015.5272817281368,2015.4843562500664,1991.1929213643687,1991.2804530872481,0.18462358,0.2591312,-0.006558405,-0.06252442,-0.0025145675,0.00023879563
35,42,19316,62.1116,12.1918,1.055,0.14400000000000002,669,-273,396,89,-579,-307,220,-449,-176,--,11.28,1.327,0.004,38.43,0.28,37.91,0.59,37.78,0.16,37.9994,0.0029,7.7,44,1,5.47,0.52,25.932,0.332,-2.361,0.042,-123,37.6034,37.66,-53,3304337251002413952,62.11164256113056,12.19179906196213,37.56894,0.52084607,b'Gaia_DR2',21.53219,0.06937759,119.43326,-10.943106,0.21179767,0.13763921,-0.0071282517,119.39064,-10.895992,0.089888774,0.06818135,0.1868592,115.59112,-12.530942,2.718968,2.286884,0.26707748,2015.5713295276096,2015.525941005098,1991.309632095588,1991.2437747468744,0.12504914,0.10186968,-0.03142068,-0.04949019,-0.0024134298,3.651251e-05
36,43,19441,62.4563,9.3055,1.104,0.062,700,-231,469,126,-574,-343,262,-437,-206,K5V,10.1,1.192,0.011000000000000001,39.24,0.16,38.15,0.59,38.01,0.16,38.276,0.0009,7.7,98,1,12.79,0.39,26.129,0.236,-0.920,0.022,-474,37.807,37.54,267,3300315443626615040,62.456307916227104,9.30546801894927,38.143627,0.30110127,b'Gaia_DR2',27.768703,0.07281611,154.86226,-5.594663,0.36477378,0.1613684,0.20347118,154.7673,-5.4992394,0.06439094,0.052611504,0.17679839,155.3037,-4.0032473,2.175997,1.9068999,0.23222072,2015.7548815830196,2015.648976976763,1991.1557675739402,1991.1108198436145,-0.3009621,-0.27752206,-0.04092049,-0.040142164,-0.0041333274,-8.84799e-05
37,44,19808,63.7169,13.0549,1.1,0.065,697,-231,466,461,-236,-5,590,-108,124,K5,10.69,1.204,0.008,40.51,0.15,38.58,0.6,38.45,0.16,39.0411,0.002,7.7,52,1,4.13,1.14,25.346,0.716,-4.523,0.130,-123,38.5748,38.33,246,3310500082395188224,63.716916302476044,13.054857395668972,38.95711,0.33602166,b'Gaia_DR2',22.447693,0.091579065,114.260254,-22.726625,0.3683464,0.23117967,-0.12978047,116.395546,-20.96551,0.09091422,0.07451261,0.37965944,112.81471,-19.114574,3.7628717,3.4642205,0.6283604,2015.7861999458037,2015.6698032014062,1991.3556487521646,1991.3155555168923,0.013300582,0.22403234,-0.014774812,-0.06375951,-0.00257686,0.00026974498
38,45,19834,63.7939,14.3984,1.0390000000000001,0.075,658,-351,307,-275,-934,-582,-144,-802,-451,K2,11.56,1.3630000000000002,0.01,38.79,0.36,38.53,0.6,38.4,0.16,38.2546,0.0026,7.7,51,1,3.39,0.33,25.865,0.296,-4.141,0.068,-61,37.9475,38.34,-390,3311492803955469696,63.793883067825256,14.398375720221471,37.6224,0.17492187,b'Gaia_DR2',20.827642,0.038303267,114.71228,-18.344692,0.14055711,0.11004038,0.24642973,114.33687,-18.41936,0.11589354,0.08652307,0.08138276,114.89451,-16.934805,3.987292,3.4595215,0.31709206,2015.6581825509868,2015.6341080865107,1991.2690710955335,1991.3252400090942,0.21044779,0.22818927,-0.0062572355,-0.06900545,-0.0022666166,0.00015967515
39,46,19862,63.8909,15.7062,1.137,0.22699999999999998,721,-286,434,150,-571,-284,273,-448,-161,M2,10.96,0.924,0.301,38.96,0.17,38.46,0.6,38.34,0.16,38.6097,0.0017,7.2,58,1,2.98,0.68,25.799,0.355,-4.966,0.075,-148,38.1755,38.19,-13,3312197934506930944,63.89090770535415,15.70616678020766,38.49117,0.6371499,b'Gaia_DR2',21.941875,0.068966344,120.333916,-23.346712,0.18730892,0.12928699,0.024855314,120.70223,-23.244427,0.095736384,0.07695217,0.31252488,118.560165,-22.956741,3.0926228,2.4842825,0.30730104,2015.565580174256,2015.5547008727317,1991.303366147863,1991.2106504401086,0.14491382,0.18713444,0.00040956802,-0.07083156,-0.0025756676,0.000245495
40,47,20357,65.3954,14.4097,0.983,0.046,622,-522,101,-82,-704,-182,44,-579,-57,F5V,6.6,0.41200000000000003,0.013999999999999999,39.2,0.21,39.2,0.6,39.07,0.16,39.1183,0.0075,28.5,119,1,3.29,0.57,24.164,0.419,-4.436,0.077,-19,39.0176,39.06,-38,3311024789960504576,65.39544150190463,14.409706254079987,39.02482,0.3117596,b'Gaia_DR2',20.520287,0.06770289,104.130936,-19.511894,0.1714957,0.1374164,0.22581339,104.210464,-19.232042,0.027711216,0.023028146,0.292467,104.783676,-18.937853,0.83090484,0.7191166,0.34467456,2015.47964293803,2015.5538719764863,1991.3002209480087,1991.1945576785258,0.16676986,0.5279644,-0.00077510776,-0.07158201,-0.0020936653,0.00021747066
41,48,20527,65.9772,14.052,1.072,0.08,679,-236,443,263,-416,-180,384,-295,-59,K5.5Ve,10.89,1.288,0.002,40.64,0.26,39.46,0.6,39.34,0.16,39.7234,0.0019,7.4,55,1,4.45,0.55,23.575,0.252,-3.862,0.055,-228,39.2805,39.11,169,3310820624394671488,65.97723355622269,14.052022381317474,39.544895,0.33829868,b'Gaia_DR2',23.138754,0.045314305,115.59549,-19.072414,0.14911796,0.098501705,0.1829666,115.60875,-19.025438,0.09917698,0.077505656,0.18339185,115.143585,-14.936238,3.2045918,2.2940753,0.15223609,2015.5521750207376,2015.469417987756,1991.30456223568,1991.3302505750228,0.18816824,0.68326735,-0.0024984109,-0.06922302,-0.0026554887,0.00023243677
42,49,20605,66.2,15.8748,1.016,0.11,644,-312,332,585,-58,254,707,63,375,M0.5Ve,11.66,1.4080000000000001,0.013000000000000001,40.2,0.36,39.4,0.6,39.28,0.16,39.9854,0.006,9.4,38,1,--,--,--,--,--,--,-300,39.6538,38.98,676,3313526556869575296,66.20069066891162,15.874651753364661,,,b'None',6.9649425,0.73065305,121.402626,-17.822027,3.450238,2.1942246,-0.10625846,102.99641,-19.213434,0.27088526,0.20734063,0.47668996,102.00535,-23.607138,8.318875,7.1157913,0.5812247,2015.5945983794247,2015.684125644471,1991.258114718914,1991.018788248692,0.06518551,0.38166425,0.0070801876,-0.072292864,-3.307755e-05,-0.0001803478
43,51,20762,66.7269,13.1381,1.1159999999999999,0.061,707,-236,472,381,-326,-90,508,-199,36,K7,10.48,1.146,0.001,41.22,0.21,39.83,0.6,39.7,0.16,40.2113,0.0018,8.2,57,1,3.51,0.24,23.845,0.276,-3.765,0.052,-48,39.7397,39.66,84,3307645131734449408,66.72689133230016,13.13810496175196,39.822968,0.3508589,b'Gaia_DR2',20.779762,0.036542237,104.47952,-16.584126,0.13249665,0.08651227,0.10551271,104.61668,-16.538435,0.082425445,0.049400143,0.36502048,105.43638,-16.916222,2.4584727,1.7149559,0.24433084,2015.5871423255253,2015.5978465469198,1991.2322058774525,1991.0024834885944,-0.2440548,0.22364037,-0.008230744,-0.063635446,-0.002180186,0.00019058296
44,52,20827,66.9464,14.4177,1.137,0.085,721,-333,388,-101,-822,-489,17,-703,-370,K0,9.48,0.929,0.005,40.46,0.07,39.82,0.6,39.7,0.16,39.7185,0.0008,8.0,103,1,3.19,0.49,23.375,0.310,-4.478,0.061,-14,39.3308,39.69,-356,3310903740601986432,66.94643018296942,14.417666404484637,39.591526,0.24664767,b'Gaia_DR2',20.24687,0.040166236,100.486786,-19.207003,0.13418497,0.086185224,0.07082779,100.504425,-19.35394,0.063536085,0.033655867,0.34586555,101.56191,-20.047964,1.8261516,1.2977186,0.24856748,2015.59840895744,2015.6540596802367,1991.0203285734249,1990.917439774909,0.08308403,0.5516053,-0.0006162569,-0.06711021,-0.0020547411,0.00023539145
45,53,21138,67.9691,15.4994,1.075,0.161,681,-234,447,261,-420,-187,385,-297,-63,K5Ve,11.02,1.28,0.013999999999999999,41.28,0.21,40.13,0.6,40.01,0.16,40.3908,0.0025,7.7,46,1,2.02,0.44,22.646,0.267,-5.224,0.069,-146,39.9435,39.86,83,3312564037520033792,67.96911161635272,15.499375572536247,40.44318,0.29020238,b'Gaia_DR2',21.83717,0.037787817,105.24039,-24.294895,0.14217234,0.0851975,-0.051037688,105.181046,-24.407639,0.13232881,0.074048564,0.17350174,99.64853,-25.970158,5.0073004,2.586591,-0.2794503,2015.7344003488956,2015.6892611552341,1991.2338666082633,1991.150846957638,-0.1292615,0.23247461,0.005047925,-0.06626292,-0.002369578,0.0003570024
46,54,21256,68.4054,21.1507,1.09,0.079,691,-239,452,464,-227,11,575,-116,123,K8,10.69,1.237,0.005,41.39,0.2,39.56,0.6,39.45,0.16,40.0236,0.0013,7.6,74,1,4.73,0.36,22.336,0.265,-9.538,0.114,-212,39.5714,39.24,335,144377799556207488,68.40542305503452,21.15064895869867,40.47478,0.23884018,b'Gaia_DR2',22.833424,0.04705195,108.25066,-46.336967,0.1610496,0.10027089,0.13718627,108.378174,-46.369976,0.069849275,0.047475494,0.24337697,107.77892,-45.5123,2.0834732,1.6109309,0.5200249,2015.6291627304204,2015.708852787008,1991.3987262178396,1991.2141906066427,-0.45043173,0.13871531,0.02553806,-0.07142225,-0.002595392,0.00080214837
47,55,21261,68.4251,19.0139,1.102,0.06,699,-234,465,273,-426,-192,388,-311,-77,--,10.74,1.197,0.004,41.43,0.15,39.89,0.6,39.77,0.16,40.1629,0.0015,8.1,69,1,2.20,0.53,22.578,0.271,-7.616,0.094,-67,39.6981,39.71,-9,3410453484725565312,68.42516215863083,19.013885606919334,40.16552,0.78725237,b'Gaia_DR2',20.922573,0.06945303,100.31371,-33.807922,0.2737212,0.23566927,0.75499743,100.05534,-33.893303,0.089038774,0.053844944,0.27917492,102.822815,-34.704353,2.6422298,1.7737095,0.3620892,2015.8259508762073,2015.8213613415583,1991.619813687838,1991.376994309561,-0.21698779,0.23622769,0.02021468,-0.069631994,-0.0021494832,0.0005062328
48,56,21723,69.9628,12.7284,1.129,0.061,716,-237,478,599,-116,121,717,1,239,K5,10.04,1.073,0.005,42.5,0.19,41.08,0.6,40.96,0.17,41.6793,0.001,7.9,89,1,5.73,0.39,20.787,0.212,-3.275,0.041,-248,41.2011,40.71,486,3307992336891315968,69.96284178443757,12.728406963712048,41.40866,0.33788502,b'Gaia_DR2',22.890177,0.04922713,102.51448,-16.1819,0.14057055,0.07258019,-0.34472165,102.6003,-16.21645,0.064208455,0.045385994,0.15319614,102.39652,-17.447721,2.2438073,1.6839423,0.065210775,2015.6190167465445,2015.8693946377214,1991.2157710015365,1991.0159373106926,0.09918391,0.34136242,-0.010982605,-0.05462496,-0.0024494526,0.00024607708
49,57,22177,71.5787,3.6364,1.0759999999999998,0.071,682,-237,444,190,-492,-254,310,-372,-134,--,10.92,1.2770000000000001,0.005,43.16,0.25,41.71,0.6,41.59,0.17,41.9002,0.0021,7.5,50,1,11.46,0.27,19.972,0.230,2.846,0.044,-160,41.4557,41.43,26,3281064262038614912,71.57871397804816,3.6363950981472684,41.7695,0.47031605,b'Gaia_DR2',22.144274,0.04137257,93.36576,13.294607,0.10888738,0.08055096,-0.119815916,93.26859,13.260155,0.081698224,0.06400226,0.093644544,93.504074,13.307315,2.6966317,2.0722954,0.25115153,2015.6721047533458,2015.810870567356,1991.0090975409894,1990.7517244946976,0.16241068,0.16675025,-0.038706113,-0.03783233,-0.0021721008,-0.00034883036
50,58,22253,71.8595,23.0508,1.123,0.084,712,-248,463,216,-496,-247,324,-388,-140,K2III,10.69,1.112,0.004,41.78,0.23,40.4,0.6,40.29,0.16,40.6158,0.0014,8.3,71,1,10.21,1.10,20.371,0.333,-10.645,0.174,181,40.1526,40.47,-320,3413146914550583680,71.8594884194932,23.050740734980813,40.614048,0.55593365,b'Gaia_DR2',18.15402,0.05435648,78.89661,-41.343,0.15765013,0.09864055,-0.24683161,78.89949,-41.340298,0.07281162,0.04595471,0.22334653,79.56463,-42.098026,2.2138777,1.4049687,0.1727597,2015.5956118980812,2015.8427666453356,1991.2743049797837,1990.9729387249276,-0.075894736,-0.02402121,0.051458295,-0.06734393,-0.0015276317,0.00061448786
51,59,22271,71.9247,26.1499,1.109,0.051,703,-224,478,-200,-903,-678,-94,-796,-572,K7III,10.61,1.1740000000000002,0.005,40.3,0.17,39.76,0.6,39.65,0.16,39.5603,0.0013,7.2,70,1,8.46,0.34,25.545,0.357,-18.881,0.263,-70,39.082,39.58,-502,154257259425702144,71.92472250760875,26.149855283629925,39.41049,0.25583383,b'Gaia_DR2',21.003447,0.05445098,113.2345,-83.790245,0.20066471,0.07736769,-0.2984017,113.52807,-83.9438,0.07773839,0.054661617,0.15897274,111.32195,-82.11566,2.3994784,1.7944076,0.2959421,2015.79984276181,2016.0200194381969,1991.3558367551432,1991.232519810882,0.12330941,0.30439508,0.07516997,-0.07631988,-0.0026244472,0.0013800955
52,60,22654,73.0984,18.9968,1.129,0.075,716,-248,468,216,-500,-252,322,-394,-146,K0,10.29,1.07,0.015,42.88,0.25,41.48,0.6,41.37,0.17,41.6956,0.0012,8.2,76,1,6.42,0.60,18.927,0.216,-8.410,0.100,35,41.2276,41.41,-180,3406943091991364608,73.09840980736857,18.996751701101438,41.42563,0.25567833,b'Gaia_DR2',19.674383,0.046746638,79.12836,-35.21823,0.13805537,0.076472804,-0.23138429,79.194855,-35.257607,0.073163,0.047935355,0.2698569,76.97289,-31.77882,2.3775353,1.4549474,0.100942545,2015.5652572751144,2015.9105469097715,1991.1043016751873,1990.9211661101112,-0.33548176,-0.31367752,0.025327526,-0.052377082,-0.0016710352,0.000602572
53,61,23312,75.204,4.7332,1.137,0.106,721,-309,412,110,-611,-302,226,-495,-186,K2,9.71,0.9570000000000001,0.047,42.21,0.4,42.94,0.6,42.82,0.17,43.0503,0.0007,7.6,110,1,13.71,0.28,17.892,0.223,2.455,0.040,96,42.6378,42.92,-282,3239389683266590208,75.20400976795995,4.733155812709799,43.192966,0.23179536,b'Gaia_DR2',19.20724,0.038009156,72.567184,9.990153,0.12320547,0.0761678,-0.11505023,72.59614,9.89083,0.0580755,0.038842563,0.067531414,72.76942,10.315098,1.8632059,1.1237128,0.07897712,2015.6262112584614,2015.8630206227435,1991.068512045832,1990.8398120398574,0.28377706,-0.19474006,-0.033165026,-0.053647257,-0.0015097101,-0.00023761975
54,62,13806,44.4454,29.6613,1.1320000000000001,0.037000000000000005,717,-318,399,-484,-1201,-883,-362,-1079,-761,G5,8.92,0.855,0.008,26.62,0.21,26.86,0.57,26.74,0.12,26.3762,0.001,8.6,99,BY,19.09,0.35,36.991,0.409,-8.925,0.099,-188,25.9768,26.55,-573,129070265532645888,44.44540408983715,29.661269014490244,26.188833,0.5096337,b'Gaia_DR2',24.077005,0.045493685,187.4769,-45.132717,0.15752694,0.12496341,0.12929878,187.49872,-45.25087,0.037582528,0.028611707,0.18356036,188.30013,-46.21437,1.1638374,0.9085151,0.10373115,2015.5997282743629,2015.4645273379624,1991.190324654631,1991.1637219164315,0.12388425,0.2667858,0.043717068,0.00859107,-0.0032365255,-0.0004696016
55,63,13976,45.0131,7.7498,1.137,0.06,721,-292,429,323,-397,-106,467,-253,38,G5,7.97,0.9259999999999999,0.015,28.35,0.18,28.6,0.57,28.46,0.14,28.9233,0.0003,7.8,119,BY,26.74,0.15,36.693,0.228,2.367,0.016,-663,28.4944,27.79,701,8479094371605632,45.013134783948104,7.74984535341534,28.636633,0.13010885,b'Gaia_DR2',42.037136,0.06675138,327.9028,21.242365,0.15224083,0.14663531,0.3877556,328.01077,21.19731,0.040551987,0.031535264,0.42453676,328.26578,19.84919,1.4545754,1.1855854,0.37919265,2015.424768329873,2015.3387565588876,1991.377797147029,1991.6191219814032,-0.30555284,0.20393302,-0.009489915,0.020125665,-0.009655841,-0.0014603871
56,64,19786,63.6141,12.4353,1.08,0.071,684,-514,171,-162,-846,-333,-31,-715,-201,G0,8.05,0.64,0.001,39.32,0.14,38.57,0.6,38.44,0.16,38.4077,0.0011,9.7,122,BY,4.71,0.40,26.017,0.340,-2.959,0.041,-57,38.2372,38.38,-144,3304412601908736512,63.614073994885196,12.435257840513508,38.318813,0.21796182,b'Gaia_DR2',21.130945,0.074843325,114.79536,-13.082495,0.38755307,0.18411694,0.13878132,114.81567,-13.138624,0.04262606,0.03374261,0.22266936,117.049286,-10.069698,1.3680284,1.2188885,0.46759564,2015.7214666164257,2015.63153747025,1991.2024185634964,1991.1460607136214,-0.109828435,0.22801411,-0.01998635,-0.059194017,-0.0023512705,9.259644e-05
57,65,19793,63.6352,23.5747,1.0859999999999999,0.057,688,-520,168,321,-367,153,444,-244,276,G3V,8.05,0.657,0.006999999999999999,38.21,0.23,37.31,0.59,37.19,0.15,37.6314,0.0011,10.0,138,BY,6.00,0.20,25.597,0.290,-10.319,0.117,-147,37.4633,37.04,423,149005270337201792,63.63521258485002,23.574734867426812,37.46804,0.15153429,b'Gaia_DR2',21.828686,0.050834335,119.949554,-48.151222,0.17043701,0.12806813,0.16190016,119.79061,-48.391167,0.03468475,0.02291561,0.30119532,121.98533,-48.520187,1.120059,0.80647826,0.12271914,2015.662021717046,2015.6278206045688,1991.2236548712954,1990.9693685510406,0.022014018,0.22864516,0.0025776685,-0.061263032,-0.002598238,0.0006225264
58,66,19934,64.14,21.9073,1.126,0.042,714,-353,361,419,-294,58,544,-170,183,K0V,9.14,0.813,0.002,38.46,0.19,37.8,0.59,37.68,0.16,38.2191,0.0006,7.5,136,BY,6.41,0.55,25.365,0.320,-9.306,0.118,56,37.8582,37.73,127,52548241968465408,64.13998172046176,21.907300212064353,38.122166,0.16579828,b'Gaia_DR2',19.571136,0.042289186,104.83075,-38.403545,0.15790719,0.12012919,0.36320084,104.661514,-38.469223,0.042747367,0.032141898,0.41889596,105.075554,-37.269043,1.3013493,1.1328406,0.48879778,2015.6841853795434,2015.6810198673543,1991.1066121054057,1990.9292626688164,-0.28066444,0.03762494,0.0098466175,-0.06869638,-0.0020588245,0.00046097126
59,67,20082,64.5808,16.0882,1.137,0.067,721,-283,438,249,-472,-190,374,-347,-64,K3V,9.57,0.98,0.005,39.64,0.08,38.72,0.6,38.59,0.16,38.9685,0.0008,7.4,98,BY,2.54,0.53,25.392,0.258,-5.003,0.060,-153,38.5304,38.44,89,3312281669189449472,64.58083656959052,16.088229807436246,38.63823,0.4213874,b'Gaia_DR2',22.135818,0.0420756,119.01427,-23.332981,0.1521724,0.11200052,0.25399572,118.83427,-23.466719,0.064302325,0.048998896,0.10829077,121.69351,-18.590704,2.2348323,1.9055524,0.44252428,2015.652396274189,2015.6625027006423,1991.264809854272,1991.284039335184,0.07651236,0.20974466,0.0052735656,-0.07339724,-0.0025821973,0.00025816003
60,68,20130,64.7421,19.9065,1.112,0.052000000000000005,705,-384,321,378,-327,57,498,-207,177,G9V,8.62,0.745,0.005,39.58,0.06,38.34,0.6,38.22,0.16,38.7177,0.0006,8.2,160,BY,2.93,0.21,24.607,0.317,-7.964,0.103,-119,38.3968,38.1,296,49005581144118784,64.74208239435362,19.90654229675831,38.490017,0.25590876,b'Gaia_DR2',21.262402,0.05354878,112.93837,-36.62518,0.1683591,0.13965583,0.3134911,112.855034,-36.59255,0.055702772,0.034030553,0.4800085,113.946236,-36.209965,1.6035638,1.1931678,0.45129943,2015.646933123424,2015.6587723367668,1991.4695019927885,1991.2793665047209,-0.15292318,0.13565391,0.01939115,-0.078714505,-0.0023707072,0.00047256803
61,69,20237,65.0537,19.2336,1.047,0.045,663,-596,68,-164,-827,-231,-41,-704,-109,G0V,7.46,0.56,0.013999999999999999,38.81,0.18,38.56,0.6,38.44,0.16,38.3962,0.0018,15.4,168,BY,--,--,--,--,--,--,-158,38.3287,38.28,49,48203487411427456,65.05455767471427,19.23332464927552,38.362152,0.1626945,b'Gaia_DR2',21.5996,0.10742948,114.52073,-35.47827,0.3392437,0.18995069,-0.10165992,114.620285,-35.21384,0.029951846,0.020701498,0.345508,115.63645,-33.75362,0.90769947,0.7437473,0.27934042,2015.725018783206,2015.626182901971,1991.1449270249807,1990.975329421688,-0.019938713,0.2325043,0.022752764,-0.0825206,-0.002470665,0.00046006968
62,70,20485,65.8559,15.763,1.092,0.083,692,-235,457,-771,-1463,-1228,-651,-1343,-1109,K5V,10.47,1.2309999999999999,0.009000000000000001,39.3,0.21,39.27,0.6,39.15,0.16,38.4992,0.0019,8.1,59,BY,5.64,0.69,24.442,0.319,-5.176,0.071,-289,38.0418,38.86,-819,3312025586058376704,65.85589730299947,15.763008474162593,38.422924,0.34538874,b'Gaia_DR2',24.087498,0.08440485,125.23605,-26.825382,0.29221037,0.25107124,0.52766174,124.92814,-26.601927,0.09281185,0.06545718,0.41340765,124.62258,-30.464918,2.9773002,2.5154865,0.5321859,2015.570797183235,2015.5496642866713,1991.141135402252,1990.943211548935,0.0910764,0.38772258,0.006240485,-0.07272591,-0.0029439358,0.00035511176
63,71,20563,66.0711,18.0028,1.1320000000000001,0.076,718,-256,461,330,-388,-131,449,-268,-12,K4V,9.99,1.05,0.011000000000000001,39.95,0.16,39.12,0.6,39.0,0.16,39.4498,0.0008,7.8,111,BY,1.26,0.68,24.161,0.455,-6.674,0.127,-123,38.9886,38.88,111,3314079508140198528,66.07108990732324,18.00278661842508,39.443634,0.18026122,b'Gaia_DR2',21.403849,0.042807546,110.916245,-30.795506,0.13337477,0.10584706,0.27957675,110.885025,-30.75992,0.07173619,0.044592872,0.36142325,112.11127,-33.939285,2.6289012,2.1005814,0.4729997,2015.6687062807732,2015.7144039787777,1991.2901691457305,1991.039423514529,0.14553998,0.42829633,0.018353235,-0.078067675,-0.0023988748,0.000414729
64,72,20577,66.1185,16.8861,1.063,0.252,674,-581,93,-1513,-2187,-1606,-1388,-2062,-1481,G2V,7.79,0.599,0.015,38.8,0.08,39.27,0.6,39.15,0.16,37.7569,0.0013,10.8,136,BY,1.66,0.68,24.227,0.283,-5.365,0.063,-150,37.664,38.99,-1331,3313662896312488192,66.11854382963507,16.8860559748995,37.70533,0.15423267,b'Gaia_DR2',21.666132,0.06805302,112.13477,-25.507437,0.27628452,0.15904762,-0.20128872,113.08803,-25.118711,0.037438624,0.023278892,0.26056635,110.93354,-24.515848,1.3728372,0.9801728,0.27775636,2015.7800817938455,2015.7117858873503,1991.289979780518,1990.9361423606156,0.046778478,0.3183595,0.0124766445,-0.07487063,-0.0023646068,0.0002852744
65,73,20741,66.6676,16.7468,1.088,0.066,690,-514,175,-1161,-1850,-1336,-1039,-1728,-1214,G8V,8.1,0.664,0.008,40.23,0.28,39.5,0.6,39.38,0.16,38.3392,0.0011,8.0,89,BY,1.21,1.26,23.514,0.505,-6.067,0.130,-138,38.164,39.24,-1076,3313689422030650496,66.6676639332322,16.746775315767493,38.40163,0.15381545,b'Gaia_DR2',21.765667,0.06892684,107.63528,-31.431385,0.29837626,0.13863836,-0.18217601,108.83709,-28.204506,0.041633464,0.025335398,0.32460016,110.60773,-27.286669,1.3847145,0.92934686,0.12436448,2015.7205095441882,2015.6864509072216,1991.2636219585056,1991.0599415609227,0.008753269,0.3233239,0.011753474,-0.0730625,-0.00232967,0.00037944518
66,74,20815,66.9,15.5891,1.038,0.039,658,-615,43,-383,-1041,-426,-256,-914,-299,F8V,7.41,0.537,0.015,39.32,0.24,39.71,0.6,39.58,0.16,39.3271,0.0026,14.3,108,BY,1.33,0.39,23.603,0.436,-5.340,0.099,-76,39.2845,39.51,-223,3312709379213017728,66.90001891411112,15.589088174729982,39.394463,0.15684137,b'Gaia_DR2',20.925205,0.06445392,104.9918,-24.068642,0.19370122,0.11421259,0.041197915,105.19744,-23.911736,0.034209333,0.022313949,0.24135974,103.217445,-24.276533,1.0911599,0.7893927,0.12353273,2015.5712410678777,2015.587824435233,1991.1374057542596,1990.9577718374053,0.0098918425,0.3776373,0.0057095904,-0.069877654,-0.002208239,0.0003107253
67,75,20899,67.2017,17.2853,1.068,0.057999999999999996,677,-567,109,-445,-1122,-555,-323,-1000,-432,G2V,7.83,0.609,0.01,39.99,0.16,39.65,0.6,39.53,0.16,39.2047,0.0013,11.2,137,BY,0.63,0.52,23.815,0.306,-6.225,0.080,-115,39.0954,39.41,-317,3314109916508904064,67.20173878602137,17.28534464641458,39.03241,0.15212515,b'Gaia_DR2',21.431469,0.0470494,108.76249,-28.460478,0.16953124,0.1034131,-0.068198584,108.72628,-28.50924,0.035078302,0.022998609,0.2546955,106.10211,-30.064974,1.0871711,0.8086439,0.27839202,2015.6695909932932,2015.6494405526141,1991.301328544454,1991.1095930231456,-0.0283861,0.33021685,0.014221423,-0.07240622,-0.0023231362,0.00037821912
68,76,20951,67.3822,17.893,1.129,0.079,715,-318,397,292,-423,-105,416,-300,19,K0V,8.95,0.831,0.003,40.7,0.06,39.65,0.6,39.53,0.16,39.9421,0.001,7.6,82,BY,1.47,0.44,23.227,0.255,-7.097,0.080,-140,39.5451,39.39,159,3314213025787054592,67.38218261275425,17.893040249870076,39.4833,0.11365024,b'Gaia_DR2',21.839886,0.050871845,107.7119,-33.028503,0.15864338,0.09977537,-0.05612067,107.68958,-32.985306,0.06159522,0.039403442,0.36236584,108.24743,-31.757406,1.8961972,1.3418845,0.37483808,2015.572706018401,2015.6283478792668,1991.2274012283083,1991.0781274524932,0.018285178,0.40544772,0.016746344,-0.0727539,-0.0023791876,0.0004898022
69,77,21317,68.6476,15.5045,1.0759999999999998,0.066,682,-523,159,59,-623,-100,177,-505,18,G1V,7.9,0.631,0.013999999999999999,40.78,0.16,40.38,0.6,40.26,0.16,40.4391,0.0012,9.9,120,BY,2.02,0.22,22.045,0.245,-5.830,0.066,-126,40.2799,40.14,144,3312575685471393664,68.64758023690061,15.504506344724728,40.26166,0.1399952,b'Gaia_DR2',21.576939,0.0509339,100.86663,-26.860636,0.19272886,0.1119421,-0.23173128,101.138405,-26.836002,0.04244587,0.026627764,0.26185635,100.174446,-27.97798,1.3816761,0.9506707,0.30718994,2015.6312148632364,2015.6607655958778,1991.3418404358422,1991.1091724081662,-0.1864665,0.15705673,0.004972977,-0.064029224,-0.0022266132,0.00041509134
